// =====================================================================
// TENSORFLOW LITE FLATBUFFER EMBEDDED C ARRAYS (ESP32 PROBE)
// Sinh tự động từ trọng số thực tế của PyTorch Deep Learning Models
// 100% Zero-Heuristic: Trọng số computation graph 1:1
// =====================================================================
#ifndef TINYML_TFLITE_ARRAY_H
#define TINYML_TFLITE_ARRAY_H

#include <stdint.h>
#include <stdbool.h>

#define TINYML_TFLITE_IN_FEATURES 56
#define TINYML_TFLITE_ANOMALY_THRESHOLD 0.040368f

static const float TINYML_TFLITE_SCALER_MEAN[56] = {
    0.000000f, 0.000000f, 0.000000f, 0.000000f, 0.000000f, 0.000000f, 0.000000f, 0.000000f,
    0.000000f, 0.000000f, 0.000000f, 0.000000f, 0.000000f, 0.000000f, 0.000000f, 0.000000f,
    0.000000f, 0.000000f, 0.000000f, 0.000000f, 0.000000f, 0.000000f, 0.000000f, 0.000000f,
    0.000000f, 0.000000f, 0.000000f, 0.000000f, 0.000000f, 0.000000f, 0.000000f, 0.000000f,
    0.000000f, 0.000000f, 0.000000f, 0.000000f, 0.000000f, 0.000000f, 0.000000f, 0.000000f,
    0.000000f, 0.000000f, 0.000000f, 0.000000f, 0.000000f, 0.000000f, 0.000000f, 0.000000f,
    0.000000f, 0.000000f, 0.000000f, 0.000000f, 0.000000f, 0.000000f, 0.000000f, 0.000000f
};

static const float TINYML_TFLITE_SCALER_SCALE[56] = {
    1.000000f, 1.000000f, 1.000000f, 1.000000f, 1.000000f, 1.000000f, 1.000000f, 1.000000f,
    1.000000f, 1.000000f, 1.000000f, 1.000000f, 1.000000f, 1.000000f, 1.000000f, 1.000000f,
    1.000000f, 1.000000f, 1.000000f, 1.000000f, 1.000000f, 1.000000f, 1.000000f, 1.000000f,
    1.000000f, 1.000000f, 1.000000f, 1.000000f, 1.000000f, 1.000000f, 1.000000f, 1.000000f,
    1.000000f, 1.000000f, 1.000000f, 1.000000f, 1.000000f, 1.000000f, 1.000000f, 1.000000f,
    1.000000f, 1.000000f, 1.000000f, 1.000000f, 1.000000f, 1.000000f, 1.000000f, 1.000000f,
    1.000000f, 1.000000f, 1.000000f, 1.000000f, 1.000000f, 1.000000f, 1.000000f, 1.000000f
};

// Khong co Classifier TFLite FlatBuffer
const unsigned int g_classifier_tflite_len = 0;
const unsigned char g_classifier_tflite[] = {0x00};

// --- TFLite Anomaly Detector Model FlatBuffer ---
// --- TensorFlow Lite Model FlatBuffer Binary: g_anomaly_tflite (23,780 bytes) ---
#define G_ANOMALY_TFLITE_LEN 23780

const unsigned char g_anomaly_tflite[23780] __attribute__((aligned(4))) = {
    0x1c, 0x00, 0x00, 0x00, 0x54, 0x46, 0x4c, 0x33, 0x14, 0x00, 0x20, 0x00,
    0x1c, 0x00, 0x18, 0x00, 0x14, 0x00, 0x10, 0x00, 0x0c, 0x00, 0x00, 0x00,
    0x08, 0x00, 0x04, 0x00, 0x14, 0x00, 0x00, 0x00, 0x1c, 0x00, 0x00, 0x00,
    0x98, 0x00, 0x00, 0x00, 0xf0, 0x00, 0x00, 0x00, 0x08, 0x51, 0x00, 0x00,
    0x18, 0x51, 0x00, 0x00, 0x90, 0x5c, 0x00, 0x00, 0x03, 0x00, 0x00, 0x00,
    0x01, 0x00, 0x00, 0x00, 0x10, 0x00, 0x00, 0x00, 0x00, 0x00, 0x0a, 0x00,
    0x10, 0x00, 0x0c, 0x00, 0x08, 0x00, 0x04, 0x00, 0x0a, 0x00, 0x00, 0x00,
    0x0c, 0x00, 0x00, 0x00, 0x1c, 0x00, 0x00, 0x00, 0x3c, 0x00, 0x00, 0x00,
    0x0f, 0x00, 0x00, 0x00, 0x73, 0x65, 0x72, 0x76, 0x69, 0x6e, 0x67, 0x5f,
    0x64, 0x65, 0x66, 0x61, 0x75, 0x6c, 0x74, 0x00, 0x01, 0x00, 0x00, 0x00,
    0x04, 0x00, 0x00, 0x00, 0x90, 0xff, 0xff, 0xff, 0x12, 0x00, 0x00, 0x00,
    0x04, 0x00, 0x00, 0x00, 0x08, 0x00, 0x00, 0x00, 0x6f, 0x75, 0x74, 0x70,
    0x75, 0x74, 0x5f, 0x30, 0x00, 0x00, 0x00, 0x00, 0x01, 0x00, 0x00, 0x00,
    0x04, 0x00, 0x00, 0x00, 0x06, 0xb0, 0xff, 0xff, 0x04, 0x00, 0x00, 0x00,
    0x0e, 0x00, 0x00, 0x00, 0x69, 0x6e, 0x70, 0x75, 0x74, 0x5f, 0x66, 0x65,
    0x61, 0x74, 0x75, 0x72, 0x65, 0x73, 0x00, 0x00, 0x02, 0x00, 0x00, 0x00,
    0x34, 0x00, 0x00, 0x00, 0x04, 0x00, 0x00, 0x00, 0xdc, 0xff, 0xff, 0xff,
    0x15, 0x00, 0x00, 0x00, 0x04, 0x00, 0x00, 0x00, 0x13, 0x00, 0x00, 0x00,
    0x43, 0x4f, 0x4e, 0x56, 0x45, 0x52, 0x53, 0x49, 0x4f, 0x4e, 0x5f, 0x4d,
    0x45, 0x54, 0x41, 0x44, 0x41, 0x54, 0x41, 0x00, 0x08, 0x00, 0x0c, 0x00,
    0x08, 0x00, 0x04, 0x00, 0x08, 0x00, 0x00, 0x00, 0x14, 0x00, 0x00, 0x00,
    0x04, 0x00, 0x00, 0x00, 0x13, 0x00, 0x00, 0x00, 0x6d, 0x69, 0x6e, 0x5f,
    0x72, 0x75, 0x6e, 0x74, 0x69, 0x6d, 0x65, 0x5f, 0x76, 0x65, 0x72, 0x73,
    0x69, 0x6f, 0x6e, 0x00, 0x16, 0x00, 0x00, 0x00, 0x14, 0x50, 0x00, 0x00,
    0x0c, 0x50, 0x00, 0x00, 0x7c, 0x4f, 0x00, 0x00, 0x24, 0x4f, 0x00, 0x00,
    0xf4, 0x4e, 0x00, 0x00, 0xa4, 0x4e, 0x00, 0x00, 0xb4, 0x4d, 0x00, 0x00,
    0xa4, 0x31, 0x00, 0x00, 0x94, 0x29, 0x00, 0x00, 0x84, 0x27, 0x00, 0x00,
    0x74, 0x25, 0x00, 0x00, 0x64, 0x1d, 0x00, 0x00, 0x54, 0x01, 0x00, 0x00,
    0xc4, 0x00, 0x00, 0x00, 0xbc, 0x00, 0x00, 0x00, 0xb4, 0x00, 0x00, 0x00,
    0xac, 0x00, 0x00, 0x00, 0xa4, 0x00, 0x00, 0x00, 0x9c, 0x00, 0x00, 0x00,
    0x94, 0x00, 0x00, 0x00, 0x74, 0x00, 0x00, 0x00, 0x04, 0x00, 0x00, 0x00,
    0xda, 0xb0, 0xff, 0xff, 0x04, 0x00, 0x00, 0x00, 0x60, 0x00, 0x00, 0x00,
    0x10, 0x00, 0x00, 0x00, 0x00, 0x00, 0x00, 0x00, 0x08, 0x00, 0x0e, 0x00,
    0x08, 0x00, 0x04, 0x00, 0x08, 0x00, 0x00, 0x00, 0x10, 0x00, 0x00, 0x00,
    0x24, 0x00, 0x00, 0x00, 0x00, 0x00, 0x06, 0x00, 0x08, 0x00, 0x04, 0x00,
    0x06, 0x00, 0x00, 0x00, 0x04, 0x00, 0x00, 0x00, 0x00, 0x00, 0x00, 0x00,
    0x0c, 0x00, 0x18, 0x00, 0x14, 0x00, 0x10, 0x00, 0x0c, 0x00, 0x04, 0x00,
    0x0c, 0x00, 0x00, 0x00, 0x48, 0x9e, 0xd8, 0x76, 0xc3, 0x82, 0x94, 0x0b,
    0x02, 0x00, 0x00, 0x00, 0x02, 0x00, 0x00, 0x00, 0x04, 0x00, 0x00, 0x00,
    0x06, 0x00, 0x00, 0x00, 0x32, 0x2e, 0x32, 0x31, 0x2e, 0x30, 0x00, 0x00,
    0x46, 0xb1, 0xff, 0xff, 0x04, 0x00, 0x00, 0x00, 0x10, 0x00, 0x00, 0x00,
    0x31, 0x2e, 0x35, 0x2e, 0x30, 0x00, 0x00, 0x00, 0x00, 0x00, 0x00, 0x00,
    0x00, 0x00, 0x00, 0x00, 0x74, 0xa5, 0xff, 0xff, 0x78, 0xa5, 0xff, 0xff,
    0x7c, 0xa5, 0xff, 0xff, 0x80, 0xa5, 0xff, 0xff, 0x84, 0xa5, 0xff, 0xff,
    0x88, 0xa5, 0xff, 0xff, 0x7a, 0xb1, 0xff, 0xff, 0x04, 0x00, 0x00, 0x00,
    0x80, 0x00, 0x00, 0x00, 0x86, 0x6a, 0x13, 0xbd, 0xd4, 0xbb, 0x96, 0x3e,
    0xe9, 0x2b, 0x54, 0x3e, 0x7a, 0x1f, 0xb3, 0xbd, 0x65, 0xa6, 0xcf, 0x3d,
    0x15, 0x6b, 0x89, 0xbd, 0xe7, 0x14, 0x0e, 0x3e, 0x6d, 0x12, 0x01, 0xbe,
    0x74, 0x71, 0xa7, 0x3c, 0xc7, 0x5c, 0xc1, 0x3d, 0xc9, 0x8a, 0x6a, 0x3e,
    0x66, 0xe6, 0x27, 0x3e, 0xe8, 0xb4, 0x7a, 0x3e, 0xc6, 0x63, 0x50, 0x3e,
    0xd9, 0x26, 0x05, 0xbe, 0x3a, 0x4b, 0x50, 0x3e, 0x5f, 0x44, 0x4b, 0x3d,
    0xff, 0xb3, 0x15, 0x3e, 0x55, 0x18, 0x6d, 0x3e, 0x38, 0xd4, 0x27, 0x3e,
    0x5f, 0x99, 0x3f, 0x3e, 0x64, 0xff, 0x64, 0x3e, 0x1f, 0xfa, 0xd1, 0x3d,
    0x86, 0x1b, 0xc0, 0x3d, 0x33, 0x48, 0xb0, 0x3d, 0x1f, 0x38, 0x00, 0x3c,
    0x32, 0x8f, 0x03, 0xbe, 0x5e, 0x0b, 0x5e, 0x3e, 0x5b, 0x58, 0x77, 0xbd,
    0x3f, 0x1f, 0x5d, 0x3e, 0x8e, 0x52, 0x4e, 0x3e, 0xb0, 0x75, 0x25, 0x3e,
    0x06, 0xb2, 0xff, 0xff, 0x04, 0x00, 0x00, 0x00, 0x00, 0x1c, 0x00, 0x00,
    0xbf, 0x22, 0x2a, 0x3d, 0x86, 0x87, 0xbe, 0x3d, 0xb6, 0xe5, 0xee, 0xbd,
    0x20, 0xc5, 0x1b, 0x3d, 0x0e, 0x82, 0xe6, 0xbd, 0x90, 0xe6, 0xdc, 0x3c,
    0xc8, 0xf7, 0x19, 0xbe, 0x33, 0x59, 0xdf, 0xbb, 0x82, 0x40, 0x05, 0x3d,
    0x14, 0xc3, 0x3b, 0xbe, 0x3b, 0xc2, 0x00, 0x3d, 0x62, 0x03, 0x77, 0xbd,
    0x09, 0x90, 0x5b, 0x3c, 0xad, 0xaf, 0x89, 0xbd, 0x8c, 0xf6, 0x83, 0x3d,
    0x6b, 0x3e, 0x8a, 0x3b, 0x54, 0x7d, 0x6a, 0x3e, 0xb4, 0x84, 0xda, 0x3e,
    0x46, 0x58, 0x91, 0x3e, 0x82, 0x7e, 0x23, 0xbe, 0x30, 0x77, 0x16, 0xbe,
    0x9f, 0xad, 0x19, 0x3d, 0x0e, 0x72, 0xfd, 0xbd, 0x73, 0x21, 0x56, 0x3e,
    0x78, 0x96, 0x5c, 0x3e, 0x56, 0xc4, 0x37, 0xbd, 0x54, 0x9d, 0xfa, 0xbd,
    0x06, 0x1f, 0x8b, 0xbd, 0x61, 0x41, 0x06, 0x3e, 0xe5, 0xc0, 0x06, 0xbd,
    0xe2, 0xff, 0x8d, 0x3d, 0x01, 0x33, 0x4f, 0xbe, 0x42, 0xab, 0x21, 0x3e,
    0x1b, 0x4a, 0x3b, 0xbd, 0xde, 0xc6, 0x02, 0xbe, 0x25, 0xf7, 0xcf, 0xbd,
    0x30, 0x9c, 0xaa, 0x3c, 0xd1, 0x38, 0x42, 0x3e, 0xff, 0x9f, 0x8c, 0xbd,
    0x50, 0x6d, 0x00, 0xbe, 0xed, 0x05, 0x42, 0xbd, 0xc7, 0xb3, 0x05, 0xbe,
    0xfd, 0x05, 0x1c, 0xbd, 0x65, 0xf2, 0xa9, 0x3e, 0x8a, 0xd3, 0xd0, 0xbd,
    0x6e, 0x49, 0x6f, 0xbd, 0x70, 0xd2, 0xb6, 0xbc, 0x63, 0x34, 0x72, 0x3e,
    0xd5, 0xd4, 0xd8, 0xbc, 0xb5, 0xff, 0x33, 0xbe, 0x37, 0x09, 0x9f, 0xbe,
    0x62, 0x7b, 0x6b, 0xbe, 0xa5, 0x8d, 0x49, 0xbe, 0xfe, 0x57, 0x3c, 0x3a,
    0x36, 0xc0, 0x8e, 0xbd, 0xf1, 0x2c, 0x44, 0xbd, 0x89, 0x43, 0x08, 0x3e,
    0x47, 0x35, 0xaa, 0x3d, 0xfe, 0x10, 0x93, 0xbd, 0xbb, 0xe7, 0x8a, 0xbe,
    0xc2, 0x37, 0x2a, 0xbe, 0x66, 0xcb, 0xba, 0xbd, 0xcc, 0x60, 0x0a, 0xbe,
    0x3a, 0xb1, 0x63, 0xbe, 0xa0, 0x9d, 0x0a, 0xbe, 0xf1, 0x19, 0x51, 0xbe,
    0x0e, 0x2b, 0x85, 0xbd, 0x55, 0xd8, 0x82, 0xbe, 0x0c, 0x1a, 0x83, 0xbe,
    0xd6, 0x1a, 0x83, 0xbe, 0xce, 0x27, 0xf6, 0x3d, 0xf3, 0xfa, 0xf0, 0x3d,
    0x6d, 0xa3, 0xd8, 0x3e, 0x92, 0x09, 0x90, 0x3e, 0x02, 0x33, 0xa9, 0xbd,
    0x43, 0xeb, 0x8e, 0xbe, 0x6a, 0x6c, 0x9c, 0xbe, 0x52, 0x3d, 0x43, 0x3e,
    0x5b, 0x57, 0xee, 0x3a, 0x2e, 0x44, 0xcc, 0x3e, 0x0c, 0xb7, 0xff, 0x3d,
    0x46, 0x14, 0x0d, 0x3e, 0x34, 0xcf, 0xd6, 0xbd, 0x3f, 0x9d, 0x93, 0xbd,
    0xd8, 0xc9, 0x03, 0x3e, 0x44, 0xd1, 0x31, 0x3d, 0x90, 0x5f, 0x37, 0xbc,
    0xc6, 0x43, 0x91, 0xbe, 0xec, 0xcc, 0x1c, 0xbe, 0x1e, 0x3b, 0x52, 0xbd,
    0x43, 0xcf, 0x16, 0xbe, 0xa7, 0xec, 0x0a, 0xbe, 0x2e, 0x21, 0xa3, 0x3d,
    0x7f, 0x31, 0xe2, 0x3c, 0x52, 0x08, 0x8b, 0xbe, 0x60, 0xe3, 0x7b, 0xbe,
    0xac, 0x24, 0x56, 0xbd, 0xf8, 0xca, 0x62, 0xbe, 0x6e, 0x21, 0x65, 0xbe,
    0xb3, 0xac, 0x70, 0xbe, 0xf0, 0x50, 0x8e, 0x3d, 0xf4, 0xba, 0x08, 0x3d,
    0xf7, 0xac, 0x46, 0xbe, 0x63, 0x99, 0x4f, 0xbe, 0xe6, 0x68, 0x31, 0xbe,
    0xa7, 0x0b, 0x89, 0xbe, 0x3e, 0x5b, 0x94, 0xbe, 0x96, 0xf8, 0x7f, 0xbe,
    0xe9, 0x30, 0x96, 0xbe, 0xff, 0x69, 0x85, 0xbe, 0x75, 0xaa, 0x2b, 0xbd,
    0x3d, 0xa0, 0x19, 0xbe, 0xf9, 0x42, 0x34, 0xbe, 0xf4, 0x07, 0xaf, 0xbe,
    0xbd, 0x33, 0x9c, 0xbe, 0x2e, 0x8b, 0x85, 0xbe, 0x77, 0x44, 0x47, 0xbe,
    0x1b, 0xd0, 0xf0, 0xbd, 0x69, 0xba, 0x8c, 0xbe, 0xa9, 0x34, 0x98, 0xbe,
    0x99, 0x16, 0x5e, 0xbe, 0xb7, 0xb7, 0x88, 0xbe, 0x08, 0x75, 0x67, 0xbe,
    0x22, 0x9e, 0x9d, 0xbe, 0xc2, 0x38, 0x9e, 0xbe, 0xfb, 0x2c, 0x97, 0xbe,
    0x5a, 0x5b, 0x3b, 0xbd, 0x14, 0xaa, 0x31, 0xbd, 0x26, 0xae, 0x03, 0x3e,
    0x31, 0x40, 0x35, 0x3f, 0xaf, 0x47, 0x28, 0x3e, 0xa0, 0x0a, 0xa5, 0xbe,
    0x24, 0x37, 0xa9, 0xbe, 0x1f, 0xf8, 0xd9, 0x3e, 0xce, 0x33, 0xa1, 0xbd,
    0x7a, 0x0e, 0xb2, 0x3d, 0xf5, 0x37, 0x6e, 0x3e, 0xfe, 0xcd, 0x43, 0xbd,
    0x91, 0xc0, 0x36, 0xbe, 0x3e, 0xf0, 0x7b, 0xbe, 0x66, 0x94, 0xd4, 0xbc,
    0x5e, 0x79, 0x8e, 0xbe, 0x95, 0x7b, 0x25, 0x3c, 0x7d, 0x71, 0x9f, 0xbe,
    0x4e, 0x67, 0xca, 0xbc, 0xee, 0xf7, 0x45, 0xbe, 0x25, 0xfa, 0x16, 0xbe,
    0xfd, 0x02, 0x02, 0x3d, 0xa6, 0x4e, 0xf9, 0x3d, 0xf5, 0xf2, 0x84, 0xbe,
    0x2d, 0x3a, 0x3a, 0xbe, 0xe9, 0xc2, 0x8b, 0xbe, 0xef, 0xa8, 0x6b, 0xbe,
    0x05, 0x10, 0xee, 0xbd, 0x71, 0x0f, 0xd8, 0x3d, 0x24, 0x24, 0xc3, 0x3d,
    0xef, 0x40, 0xf3, 0x3d, 0x60, 0x5c, 0x40, 0x3d, 0x0e, 0x26, 0x1b, 0xbe,
    0x86, 0x0b, 0xf8, 0x3d, 0xd7, 0x89, 0xd7, 0x3d, 0x6d, 0x5d, 0x57, 0x3c,
    0xb1, 0x4b, 0x67, 0xbe, 0x51, 0xbe, 0xb8, 0xbe, 0x16, 0x55, 0x23, 0x3d,
    0x4c, 0x1a, 0x72, 0xbe, 0x8c, 0x22, 0x8e, 0xbe, 0xec, 0x9a, 0xcf, 0xbd,
    0xe2, 0xcc, 0x35, 0x3c, 0x73, 0x5b, 0xb3, 0xbd, 0x88, 0x5e, 0x3d, 0xbd,
    0xd3, 0x69, 0x76, 0x3c, 0x11, 0x47, 0xc5, 0x3d, 0xe0, 0xdd, 0x0b, 0xbd,
    0x85, 0x9a, 0x60, 0xbd, 0x8f, 0x76, 0xc7, 0xbc, 0xcb, 0x98, 0xa0, 0xbd,
    0x77, 0x71, 0x8d, 0x3d, 0x52, 0xde, 0xff, 0x3d, 0xe8, 0xcd, 0xd5, 0xbd,
    0x6d, 0xce, 0x56, 0x3d, 0x15, 0x38, 0xb9, 0x3d, 0x68, 0x80, 0xc6, 0x3c,
    0xd8, 0x4f, 0x96, 0xbc, 0xac, 0xd9, 0x24, 0xbe, 0x64, 0xfb, 0x04, 0x3c,
    0xc1, 0x23, 0xb5, 0xbd, 0xee, 0x75, 0x08, 0xbb, 0x82, 0x3e, 0x41, 0xbd,
    0x77, 0x77, 0x91, 0x3c, 0xbe, 0xfd, 0x0c, 0xbf, 0xee, 0xde, 0x32, 0x3d,
    0xfd, 0x3c, 0x41, 0x3e, 0x88, 0xf6, 0xad, 0xbc, 0x87, 0xb8, 0x07, 0x3c,
    0x29, 0x91, 0xb1, 0xbd, 0xd4, 0xaa, 0xd4, 0xbd, 0x24, 0x94, 0xab, 0x3b,
    0x46, 0xf7, 0x3a, 0xbc, 0x78, 0x08, 0x76, 0x3d, 0x34, 0x2d, 0x3c, 0xbe,
    0x0a, 0x21, 0xd4, 0x3c, 0xb1, 0x4f, 0x09, 0x3e, 0x51, 0xda, 0x25, 0x3e,
    0xa0, 0xca, 0xd9, 0xbb, 0x8c, 0xd0, 0xc9, 0x3b, 0xd0, 0xef, 0x75, 0xbd,
    0xf3, 0xae, 0xc8, 0xbd, 0xe9, 0xf5, 0xb2, 0xbc, 0x5c, 0x99, 0x4a, 0x3e,
    0x9e, 0xa3, 0x73, 0x3e, 0x87, 0x76, 0x8b, 0x3e, 0xef, 0xc3, 0xa3, 0x3e,
    0x04, 0x94, 0xa4, 0xbd, 0xa3, 0x52, 0x05, 0xbf, 0x23, 0x0f, 0xae, 0x3e,
    0xe0, 0x2e, 0x30, 0x3e, 0x80, 0xe7, 0xf1, 0x3d, 0x68, 0x73, 0xf3, 0x3e,
    0xe2, 0x15, 0xbd, 0x3e, 0xfa, 0xa3, 0x87, 0x3d, 0xde, 0x3a, 0x68, 0x3d,
    0x2d, 0x17, 0xb9, 0xbd, 0x47, 0x23, 0x81, 0xbc, 0x3d, 0x57, 0x8f, 0xbe,
    0x47, 0xf0, 0x6b, 0xbd, 0x08, 0x24, 0x3c, 0xbd, 0x8c, 0x2d, 0xc8, 0xbd,
    0xe2, 0x86, 0x73, 0xbe, 0xf7, 0x0c, 0x07, 0xbe, 0x62, 0xe4, 0x82, 0xbe,
    0x46, 0x66, 0x42, 0xbd, 0x53, 0xd2, 0xa9, 0xbd, 0xd8, 0x1a, 0x0e, 0xbd,
    0x75, 0x7a, 0x9c, 0xbd, 0xdf, 0x10, 0xe8, 0xbd, 0xba, 0x04, 0x18, 0xbe,
    0xde, 0xbe, 0x7e, 0xbe, 0x42, 0x7a, 0xea, 0xbd, 0x3c, 0x92, 0xe4, 0xbc,
    0x26, 0x79, 0xf4, 0x3e, 0xdd, 0x8d, 0xa1, 0x3d, 0xb6, 0x42, 0xdc, 0xbe,
    0x4d, 0x7d, 0x65, 0xbe, 0x61, 0xfd, 0x63, 0xbe, 0x8e, 0x08, 0x77, 0xbe,
    0x34, 0xd4, 0x59, 0xbe, 0xc7, 0x40, 0x16, 0x3e, 0x66, 0x10, 0x1e, 0x3e,
    0xcd, 0x44, 0x42, 0x3e, 0xac, 0xb8, 0x41, 0xbe, 0x63, 0x5f, 0xfd, 0xbe,
    0x7e, 0x98, 0x28, 0xbe, 0x33, 0xdc, 0x32, 0x3e, 0x63, 0x1b, 0xa3, 0xbd,
    0x80, 0x6b, 0x8d, 0xbe, 0xeb, 0xa3, 0x02, 0x3e, 0xd4, 0x89, 0x13, 0xbe,
    0xbf, 0x4f, 0xa1, 0xbd, 0x27, 0x59, 0x1b, 0x3e, 0xd2, 0x85, 0xc3, 0x3d,
    0x71, 0xd8, 0xc6, 0xbd, 0xd1, 0xcd, 0x46, 0xbd, 0x02, 0xce, 0x54, 0xbe,
    0xed, 0xac, 0xc2, 0xbd, 0xce, 0x17, 0xa1, 0x3e, 0x4b, 0x61, 0x2e, 0x3e,
    0x18, 0x22, 0x8a, 0xbe, 0xc4, 0xdb, 0x0b, 0x3e, 0xcb, 0x83, 0xe4, 0xbd,
    0xf0, 0x57, 0xd9, 0xbd, 0x73, 0x86, 0xcd, 0xbe, 0x35, 0x50, 0x8b, 0x3e,
    0x3b, 0x08, 0x94, 0x3e, 0xee, 0x94, 0x92, 0x3e, 0x4c, 0x7a, 0x03, 0x3e,
    0x25, 0x7f, 0xa2, 0x3d, 0xc3, 0x35, 0xed, 0xbd, 0x3c, 0x91, 0x93, 0xbd,
    0x99, 0x9e, 0x8e, 0xbe, 0xc9, 0x50, 0x8a, 0xbd, 0x59, 0x41, 0xf0, 0xbd,
    0x1d, 0x47, 0x48, 0xbd, 0xa7, 0xc4, 0xd0, 0xbd, 0xeb, 0x7f, 0xbb, 0xbd,
    0xee, 0xc2, 0x2d, 0xbd, 0x99, 0x25, 0x28, 0xbe, 0xf8, 0x55, 0x94, 0x3d,
    0xc1, 0x38, 0x99, 0x3d, 0x20, 0x50, 0x6e, 0xbd, 0xe3, 0x6c, 0x56, 0xbd,
    0x6c, 0xea, 0xbb, 0xbd, 0xc6, 0xaf, 0x21, 0xbe, 0xd4, 0x46, 0x2b, 0xbe,
    0x78, 0x6d, 0x4b, 0x3d, 0x6a, 0x99, 0x51, 0xbd, 0x99, 0xb4, 0x55, 0xbc,
    0x6a, 0x58, 0x47, 0x3d, 0x91, 0x76, 0x30, 0xbe, 0x3a, 0x23, 0xcf, 0x3e,
    0x11, 0xb5, 0x70, 0xbe, 0x87, 0x0b, 0x03, 0xbe, 0xc9, 0x95, 0x31, 0x3e,
    0xd9, 0xe9, 0x0e, 0xbe, 0x8f, 0x34, 0x30, 0xbe, 0xb4, 0x15, 0xa1, 0x3d,
    0xe7, 0x8a, 0xb9, 0xbd, 0xa3, 0xee, 0xc7, 0xbd, 0xd5, 0x5a, 0xc4, 0xbd,
    0x4b, 0xf6, 0x04, 0xbd, 0xeb, 0x57, 0x3a, 0x3e, 0x7d, 0x1e, 0xe2, 0x3c,
    0x18, 0xd0, 0x0d, 0xbd, 0x22, 0x32, 0xd8, 0x3d, 0x81, 0xda, 0xb7, 0x3d,
    0x8d, 0xef, 0x1b, 0x3e, 0x94, 0x7a, 0xb7, 0x3d, 0xec, 0x21, 0x31, 0x3e,
    0x75, 0x54, 0x50, 0x3e, 0x6a, 0xd9, 0x80, 0x3e, 0xa9, 0x30, 0x06, 0x3e,
    0x1e, 0xa2, 0x84, 0xbd, 0xcf, 0xe3, 0x7c, 0x3d, 0x21, 0x46, 0x03, 0xbe,
    0x06, 0xba, 0x4e, 0xbe, 0xcf, 0x74, 0xdb, 0xbd, 0x26, 0x1c, 0x23, 0xbe,
    0x50, 0x3b, 0xa8, 0xbe, 0x12, 0xb5, 0x0f, 0xbe, 0xfd, 0xe9, 0x8f, 0xbd,
    0xba, 0x81, 0xed, 0x3c, 0x54, 0x06, 0x1f, 0xbd, 0x94, 0x32, 0x0e, 0xbe,
    0x0a, 0xc4, 0x02, 0xbe, 0xec, 0x2b, 0x67, 0x3d, 0x19, 0x89, 0xe7, 0xbd,
    0x40, 0x1d, 0xe0, 0x3d, 0xd1, 0xe9, 0x74, 0x3e, 0x6b, 0x36, 0xc5, 0xbd,
    0xf0, 0x0e, 0x46, 0xbd, 0x73, 0xce, 0x39, 0xbd, 0x80, 0x7e, 0x01, 0xbd,
    0x89, 0x4a, 0xd1, 0xbd, 0xc9, 0x3e, 0x1d, 0xbe, 0xe3, 0xdd, 0x11, 0xbe,
    0xff, 0x16, 0xd9, 0xbd, 0x62, 0x36, 0xc2, 0x3d, 0xc1, 0xba, 0xca, 0xbd,
    0x70, 0x54, 0xfe, 0xbd, 0x70, 0xc0, 0x06, 0xbb, 0x08, 0xdb, 0x16, 0x3d,
    0x43, 0x1d, 0xb5, 0x3e, 0x39, 0xb1, 0xc8, 0xbe, 0x52, 0x47, 0xf6, 0xbc,
    0x15, 0x53, 0x28, 0xbf, 0xf2, 0x66, 0x44, 0x3d, 0xe6, 0x3a, 0xbd, 0xbd,
    0x39, 0x3e, 0x2e, 0x3e, 0x47, 0x8d, 0x40, 0x3e, 0xae, 0xd2, 0x8a, 0x3d,
    0x67, 0xdd, 0xbb, 0xbc, 0x29, 0x9b, 0x6c, 0x3e, 0x13, 0x65, 0x1e, 0xbe,
    0x46, 0x7c, 0xc2, 0x3c, 0xe3, 0xe0, 0x02, 0x3e, 0x72, 0xd5, 0x8b, 0xbe,
    0x7e, 0x2d, 0x81, 0x3e, 0xa7, 0x1f, 0x15, 0xbe, 0xbf, 0x47, 0xa0, 0x3d,
    0x70, 0x3a, 0x0b, 0xbd, 0x45, 0xb7, 0xb3, 0x3d, 0x94, 0x5c, 0xc5, 0x3d,
    0xe0, 0x57, 0x9f, 0xbd, 0x39, 0x98, 0x87, 0xbe, 0x1b, 0x6a, 0x07, 0xbe,
    0xe6, 0x1b, 0xc9, 0xbd, 0x9e, 0x28, 0x1c, 0xbc, 0xf4, 0x33, 0x5f, 0x3e,
    0x4a, 0x05, 0x83, 0x3e, 0xee, 0x88, 0x45, 0x3e, 0xe9, 0x32, 0xda, 0x3e,
    0x6c, 0x05, 0xc1, 0xbd, 0xf4, 0x18, 0x36, 0x3e, 0x7d, 0x7b, 0xdb, 0x3e,
    0x81, 0x9c, 0x16, 0x3e, 0xb8, 0x97, 0x88, 0x3e, 0xf3, 0x55, 0x8e, 0xbe,
    0xbf, 0x58, 0x5c, 0xbe, 0x2b, 0x80, 0x64, 0x3e, 0xd0, 0x6b, 0x81, 0xbd,
    0x35, 0xa4, 0x7b, 0xbd, 0xbb, 0xac, 0xb7, 0xbd, 0xee, 0x46, 0xe3, 0x3d,
    0xec, 0x17, 0x10, 0x3e, 0x38, 0x43, 0x0f, 0x3e, 0x8d, 0x63, 0xb4, 0x3c,
    0x50, 0x17, 0x30, 0xbc, 0xb0, 0xce, 0x6c, 0x3c, 0xc9, 0xf8, 0x0b, 0x3e,
    0xa4, 0x02, 0x11, 0x3d, 0xfe, 0x9c, 0x74, 0x3d, 0x81, 0xd6, 0x3f, 0x3e,
    0x6e, 0x07, 0xdd, 0x3d, 0xae, 0x32, 0xd3, 0x3d, 0x36, 0x7e, 0x83, 0x3d,
    0x6b, 0xfa, 0xc3, 0xbc, 0xa8, 0xa9, 0x00, 0xbe, 0x1b, 0x80, 0x6d, 0x3d,
    0xa3, 0xa2, 0x99, 0x3d, 0x3a, 0x39, 0xb3, 0x3e, 0xfd, 0x45, 0x93, 0x3d,
    0xb2, 0xf3, 0x86, 0xbd, 0x02, 0xe0, 0x3d, 0x3f, 0x62, 0x6a, 0x6d, 0x3d,
    0xdc, 0x1e, 0x13, 0xbd, 0x19, 0x44, 0xdc, 0xbd, 0x45, 0xbc, 0xfa, 0xbd,
    0xb2, 0xb5, 0x92, 0x3d, 0xcc, 0x7a, 0x07, 0x3c, 0x59, 0x1b, 0x43, 0xbd,
    0xe2, 0x19, 0x0f, 0xbc, 0x4a, 0x11, 0x99, 0x3d, 0xb3, 0x90, 0x3f, 0xbe,
    0xb7, 0x3b, 0x67, 0x3e, 0xc8, 0x8e, 0xe2, 0x3d, 0x4b, 0xb3, 0xbe, 0xbd,
    0x8e, 0xd3, 0x97, 0x3d, 0xe3, 0x6f, 0x71, 0xbe, 0xd0, 0x5d, 0x47, 0xbd,
    0x8c, 0xaf, 0x98, 0x3e, 0x88, 0x6a, 0x3f, 0x3d, 0x67, 0xdf, 0x07, 0xbd,
    0x76, 0x89, 0x8d, 0xbd, 0xd7, 0x50, 0x79, 0x3e, 0x9b, 0x2d, 0x80, 0x3d,
    0xbc, 0xcf, 0x82, 0x3e, 0x58, 0x3c, 0x4e, 0xbc, 0x00, 0x0a, 0x06, 0x3b,
    0x35, 0x99, 0xbe, 0xbd, 0x9b, 0xba, 0x3f, 0x3e, 0xee, 0xb6, 0x03, 0x3e,
    0x39, 0x48, 0x88, 0x3e, 0x79, 0x86, 0x52, 0xbd, 0xb4, 0xf7, 0x66, 0x3d,
    0xe3, 0x50, 0x98, 0x3e, 0x13, 0x15, 0x9d, 0xbd, 0x9f, 0x21, 0xdf, 0xbd,
    0x3a, 0x25, 0xc3, 0x3d, 0x22, 0xdf, 0xb9, 0x3d, 0x7f, 0x13, 0xf2, 0xbd,
    0xa7, 0xd2, 0xd8, 0xbd, 0x14, 0x95, 0x68, 0xbe, 0x06, 0xb6, 0x4f, 0xbe,
    0xf8, 0x6e, 0xd3, 0x3c, 0x6a, 0x78, 0x75, 0xbd, 0x2a, 0x84, 0x89, 0xbd,
    0x61, 0xfb, 0x06, 0xbe, 0x3f, 0x96, 0xe3, 0x3c, 0x00, 0x39, 0x9b, 0xbd,
    0x86, 0x88, 0x32, 0xbe, 0x40, 0x16, 0xd3, 0xbd, 0xb3, 0xdf, 0x81, 0xbd,
    0xa4, 0xad, 0x3f, 0x3d, 0xe9, 0xaf, 0x7d, 0xbd, 0x16, 0xe8, 0xa0, 0x3e,
    0x5d, 0xd2, 0x14, 0xbe, 0x4d, 0xa1, 0xca, 0xbe, 0xe0, 0x96, 0x2c, 0xbe,
    0x2d, 0x72, 0x8c, 0xbd, 0x37, 0x6b, 0x33, 0x3f, 0xeb, 0x00, 0x8b, 0x3d,
    0x84, 0x83, 0x55, 0x3e, 0x6e, 0x79, 0x47, 0x3e, 0xd2, 0x99, 0x16, 0x3e,
    0x3b, 0x63, 0x2c, 0xbe, 0x09, 0x55, 0xa6, 0xba, 0xf6, 0x1f, 0x0b, 0xbe,
    0x86, 0xae, 0xcc, 0x3c, 0x0a, 0x36, 0x0d, 0xbe, 0x07, 0x48, 0x8a, 0xbd,
    0x32, 0x9c, 0xd8, 0xbc, 0x2d, 0xe1, 0x16, 0xbe, 0xc7, 0x4f, 0x31, 0xbe,
    0x40, 0x1f, 0x9d, 0xbd, 0x3d, 0x50, 0xa1, 0xbd, 0x12, 0x88, 0x3a, 0xbe,
    0x81, 0xf3, 0xc2, 0xbc, 0xa5, 0x5d, 0xed, 0xbd, 0xaa, 0xc1, 0xea, 0x3c,
    0x71, 0x08, 0x36, 0x3e, 0xfe, 0xb1, 0xb3, 0x3d, 0xf4, 0xd0, 0x79, 0x3d,
    0x4b, 0x78, 0x36, 0x3e, 0x00, 0x27, 0x09, 0x3b, 0x35, 0x33, 0xe3, 0xbd,
    0x28, 0xed, 0x89, 0x3c, 0x17, 0x09, 0xc8, 0x3d, 0xbd, 0x25, 0x30, 0x3e,
    0x65, 0xdf, 0x31, 0xbe, 0xd1, 0x40, 0x48, 0xbe, 0x46, 0x82, 0x7c, 0x3c,
    0x10, 0xd5, 0x22, 0xbe, 0xd5, 0xeb, 0x92, 0xbd, 0xf6, 0xfb, 0xb5, 0x3b,
    0x0c, 0x1c, 0x1d, 0x3e, 0x29, 0xc2, 0x89, 0x3e, 0x4a, 0x8e, 0x96, 0xbe,
    0x4a, 0xd3, 0x88, 0xbe, 0xce, 0xb7, 0x63, 0xbe, 0xb0, 0xc7, 0xc9, 0xbc,
    0x42, 0x15, 0x3d, 0xbe, 0xb3, 0xf8, 0xa2, 0xbe, 0xac, 0xb4, 0x1d, 0xbe,
    0xfd, 0x60, 0x98, 0xbe, 0x20, 0x13, 0x8f, 0xbe, 0x8c, 0x0f, 0x9d, 0xbe,
    0x5c, 0x48, 0xa2, 0xbd, 0x6d, 0xf9, 0xa4, 0xbe, 0xa2, 0x73, 0xce, 0x3d,
    0x03, 0xa6, 0xa8, 0xbc, 0xe3, 0x88, 0xc9, 0x3d, 0xa9, 0x30, 0xa2, 0x3d,
    0x17, 0x5a, 0x9b, 0xbe, 0x10, 0xdd, 0xaa, 0xbc, 0xab, 0x4f, 0x09, 0xbe,
    0x53, 0x9c, 0x9f, 0xbe, 0xa2, 0xf0, 0xff, 0x3d, 0x7d, 0x3a, 0xb7, 0x3d,
    0x0d, 0xdf, 0x0a, 0x3e, 0x6f, 0x2d, 0x7c, 0xbd, 0x9a, 0x07, 0x22, 0xbe,
    0xd4, 0x87, 0x66, 0xbc, 0x1a, 0x5f, 0xbe, 0x3d, 0x4b, 0x9b, 0x7b, 0x3e,
    0x89, 0x22, 0xd8, 0xbd, 0xa4, 0xa2, 0x4d, 0xbe, 0x7d, 0x62, 0xa4, 0xbe,
    0x96, 0x49, 0x42, 0xbe, 0xda, 0x1c, 0x92, 0xbe, 0x4d, 0x2c, 0xb0, 0xbd,
    0x1b, 0x25, 0xa6, 0xbd, 0xff, 0xc9, 0x51, 0xbe, 0xf7, 0x05, 0x64, 0xbe,
    0x5d, 0x4d, 0x2d, 0xbe, 0xf3, 0xc4, 0x89, 0xbd, 0x29, 0xa1, 0x7c, 0x3e,
    0xbe, 0x70, 0x9f, 0x3e, 0x0c, 0x1d, 0x3f, 0x3e, 0xe5, 0xab, 0xfc, 0x3e,
    0x4a, 0x07, 0x3d, 0xbd, 0xe1, 0x35, 0x0b, 0xbf, 0x34, 0xd8, 0x16, 0x3e,
    0xe6, 0x49, 0x4a, 0x3e, 0x27, 0xda, 0x97, 0x3e, 0xca, 0x6e, 0x82, 0x3e,
    0x37, 0xf3, 0x45, 0x3e, 0xe5, 0xa9, 0x93, 0x3e, 0xc1, 0x41, 0x00, 0x3e,
    0x3b, 0xbc, 0xca, 0x3d, 0xd7, 0x5e, 0x09, 0x3e, 0x13, 0x01, 0x9c, 0x3e,
    0xa3, 0xec, 0xe0, 0x3e, 0x2a, 0x2c, 0x13, 0xbe, 0x70, 0x9e, 0x87, 0xbe,
    0x39, 0xc0, 0x77, 0xbe, 0x02, 0x00, 0xaa, 0xbd, 0x99, 0x81, 0x89, 0xbe,
    0x82, 0x01, 0x5f, 0xbe, 0x29, 0x2c, 0x8c, 0xbe, 0x91, 0x5a, 0x8c, 0xbe,
    0x4a, 0x5e, 0x6b, 0xbe, 0x68, 0xac, 0x90, 0xbe, 0x5c, 0x74, 0x6e, 0xbe,
    0x54, 0x92, 0xcc, 0xbd, 0x84, 0x42, 0xe4, 0x3d, 0x64, 0x38, 0xc3, 0xbd,
    0xe5, 0x35, 0x90, 0x3e, 0x71, 0x09, 0x46, 0xbe, 0x86, 0x8a, 0xc1, 0xbe,
    0x63, 0x86, 0x7d, 0xbe, 0x09, 0x0a, 0xc9, 0x3e, 0xc3, 0xde, 0x88, 0xbe,
    0xb3, 0x87, 0xc9, 0x3c, 0xbe, 0xb3, 0xac, 0xbd, 0x55, 0x16, 0x3e, 0xbe,
    0xf6, 0xce, 0x53, 0x3e, 0x5f, 0x2f, 0x69, 0xbe, 0xd3, 0x29, 0xbf, 0xbd,
    0x0a, 0x60, 0x07, 0xbe, 0x5d, 0x5b, 0x6d, 0x3e, 0x30, 0xa6, 0xda, 0x3d,
    0x97, 0xe2, 0x29, 0xbd, 0x31, 0x07, 0xaa, 0xbb, 0xe8, 0xf0, 0x40, 0x3d,
    0xaf, 0x71, 0x5d, 0xbe, 0x15, 0xd4, 0x42, 0xbe, 0x88, 0x52, 0x2f, 0xbc,
    0xea, 0xcf, 0x50, 0xbe, 0x01, 0x06, 0x61, 0xbd, 0x18, 0xe8, 0x07, 0xbe,
    0x64, 0x81, 0x61, 0xbe, 0xf0, 0x02, 0xc2, 0x3d, 0xe2, 0x04, 0xd0, 0xbd,
    0x01, 0xbc, 0xb3, 0xbd, 0xfb, 0x55, 0x95, 0x3b, 0x4c, 0x8e, 0xe8, 0xbd,
    0x66, 0xa7, 0x94, 0xbe, 0xc0, 0x17, 0x6d, 0xbd, 0x30, 0x53, 0x01, 0x3e,
    0xaa, 0xa2, 0x1d, 0x3e, 0x6f, 0x17, 0xe7, 0xbd, 0xed, 0x28, 0x8e, 0xbe,
    0xec, 0x0c, 0x80, 0xbd, 0xc4, 0xaf, 0x32, 0x3c, 0x1b, 0x17, 0x7a, 0xbd,
    0xdc, 0xce, 0xdd, 0xbd, 0xdf, 0x1b, 0x28, 0xbe, 0xb9, 0x4e, 0x94, 0xbe,
    0x5f, 0x78, 0x68, 0xbe, 0xa6, 0x88, 0x5a, 0xbd, 0xa5, 0x2c, 0x5a, 0xbe,
    0xc0, 0xa8, 0xdb, 0xbb, 0x62, 0x2a, 0x96, 0xbe, 0x5a, 0xa0, 0x83, 0xbe,
    0x17, 0x78, 0x3d, 0xbe, 0x17, 0xde, 0x87, 0xbe, 0xb7, 0x06, 0x4b, 0xbe,
    0x86, 0x0a, 0x03, 0xbe, 0x65, 0x4b, 0xa0, 0xbe, 0x4f, 0x19, 0x12, 0xbe,
    0xdc, 0xf4, 0xb4, 0xbd, 0x40, 0x8a, 0xe9, 0x37, 0xb4, 0x5e, 0x7a, 0x3a,
    0xe3, 0xac, 0x90, 0x3e, 0x56, 0x89, 0xdb, 0x3c, 0x64, 0x27, 0x94, 0xbe,
    0x8c, 0xfe, 0xcd, 0xbe, 0x89, 0xab, 0x80, 0xbe, 0xfb, 0xc8, 0x48, 0xbe,
    0x2c, 0xb8, 0x20, 0xbe, 0x25, 0xd3, 0x6b, 0x3d, 0xc4, 0x20, 0x5c, 0xbe,
    0x0d, 0xfc, 0x84, 0xbd, 0x56, 0x59, 0x98, 0xbe, 0xca, 0x8f, 0x90, 0xbe,
    0x68, 0x79, 0x4a, 0xbc, 0x83, 0xf3, 0x56, 0xbe, 0xfa, 0xeb, 0x13, 0xbe,
    0x00, 0x30, 0x62, 0x3c, 0x05, 0x2a, 0xcd, 0xbd, 0x74, 0x67, 0x97, 0xbd,
    0x98, 0xcd, 0x32, 0xbc, 0xe8, 0xf3, 0xe2, 0x3d, 0x1f, 0x54, 0xc2, 0x3e,
    0x13, 0xeb, 0x1c, 0xbe, 0x38, 0x59, 0x9b, 0xbd, 0xc9, 0xf8, 0x4e, 0xbe,
    0xed, 0xa4, 0x7b, 0x3d, 0xc6, 0x5f, 0xed, 0x3d, 0xdb, 0x45, 0x84, 0x3e,
    0x3a, 0xb1, 0x48, 0x3e, 0xd8, 0x79, 0xf8, 0x3c, 0x15, 0xba, 0xbc, 0xbe,
    0x01, 0x4f, 0x61, 0x3e, 0x46, 0x60, 0x3f, 0x3e, 0xb0, 0x9e, 0x12, 0x3e,
    0x37, 0x0c, 0x3b, 0x3e, 0xe9, 0x78, 0x00, 0x3e, 0xfe, 0x89, 0x58, 0x3e,
    0xaf, 0xf0, 0x92, 0xbe, 0x6c, 0xa8, 0x4d, 0xbe, 0xaa, 0x1e, 0xf9, 0xbd,
    0x56, 0xeb, 0xa3, 0x3e, 0xe6, 0x38, 0xe7, 0x3e, 0xe2, 0x44, 0xb6, 0xbe,
    0x5d, 0xb4, 0x1e, 0xbe, 0xc4, 0xf3, 0x92, 0xbe, 0x14, 0xbc, 0xe9, 0xbc,
    0xb1, 0xb0, 0xc2, 0xbe, 0xa3, 0x45, 0x8f, 0xbe, 0x83, 0x31, 0x28, 0xbe,
    0x01, 0xf2, 0x75, 0xbe, 0xf2, 0x1f, 0xac, 0xbe, 0x3b, 0xe6, 0x5e, 0xbe,
    0xed, 0x73, 0x9a, 0xbe, 0xdf, 0x18, 0x0c, 0xbe, 0xb5, 0x89, 0xed, 0xbd,
    0x59, 0x6f, 0x80, 0x3d, 0x79, 0x39, 0x99, 0x3e, 0x17, 0x2b, 0xb8, 0xbe,
    0x24, 0x2d, 0x34, 0xbd, 0x2e, 0x25, 0xe9, 0xbd, 0x18, 0x42, 0xa0, 0xbe,
    0xc4, 0xa4, 0x58, 0x3e, 0x16, 0xca, 0xa9, 0xbd, 0x84, 0xaf, 0xa7, 0x3d,
    0x66, 0xf3, 0x9a, 0x3e, 0x09, 0xef, 0x20, 0x3e, 0xbf, 0x89, 0xaa, 0xbe,
    0x57, 0x6d, 0x3b, 0x3d, 0xd9, 0xfc, 0xb7, 0xbd, 0xde, 0xbf, 0xa3, 0xbd,
    0x54, 0x0e, 0xa5, 0xbe, 0xe4, 0x8b, 0xbe, 0xbe, 0x7f, 0x8f, 0x58, 0xbe,
    0x76, 0xf3, 0xbb, 0xbe, 0x54, 0x6e, 0x4e, 0xbe, 0x64, 0x01, 0x5a, 0xbe,
    0x17, 0xc5, 0xed, 0xbd, 0x56, 0x45, 0x3f, 0xbe, 0x3f, 0x42, 0x89, 0xbe,
    0xaa, 0xe0, 0x48, 0xbe, 0x26, 0xdf, 0x38, 0xbe, 0x92, 0xb3, 0x0e, 0xbe,
    0x25, 0xa8, 0xed, 0x3d, 0x46, 0xd0, 0x7c, 0xbd, 0xa6, 0x2d, 0x5a, 0x3e,
    0xf6, 0x20, 0xfa, 0xbd, 0xce, 0xa5, 0x0c, 0xbe, 0x5d, 0x9e, 0x59, 0xbe,
    0x71, 0x54, 0x27, 0xbd, 0x7b, 0x00, 0x8d, 0x3d, 0xea, 0x25, 0x0d, 0x3e,
    0x1c, 0xcc, 0x47, 0x3e, 0xf1, 0xa7, 0x67, 0xbd, 0xf4, 0x24, 0x5a, 0xbe,
    0x4b, 0x83, 0x57, 0xbe, 0x24, 0xf5, 0xbc, 0xbe, 0xed, 0x53, 0xbc, 0xbe,
    0x3e, 0x77, 0x9d, 0xbe, 0x9d, 0x5a, 0x16, 0xbe, 0x9f, 0x4a, 0xba, 0xbe,
    0x1f, 0xb9, 0xb4, 0xbe, 0x2c, 0x50, 0x99, 0x3d, 0xb6, 0x26, 0x2a, 0xbe,
    0xdc, 0x70, 0x03, 0xbe, 0x19, 0xa1, 0xad, 0xbe, 0x24, 0x13, 0xac, 0xbe,
    0xab, 0x50, 0x2d, 0xbe, 0x80, 0xfc, 0xf9, 0xbd, 0xdb, 0x1f, 0x22, 0xbe,
    0xc0, 0x90, 0x5e, 0xbe, 0xa0, 0x64, 0x34, 0x3d, 0x9d, 0x8e, 0xc8, 0x3d,
    0xd2, 0x51, 0x42, 0xbe, 0xe1, 0xc2, 0x0b, 0xbd, 0x22, 0x5c, 0x8a, 0x3e,
    0x4f, 0xd5, 0xa8, 0xbe, 0x3c, 0xbe, 0x9f, 0xbe, 0x31, 0x1f, 0xdb, 0x3e,
    0xb9, 0x6d, 0x82, 0x3c, 0x87, 0x80, 0x2d, 0xbd, 0x49, 0xc2, 0x84, 0x3e,
    0xdd, 0x07, 0xe4, 0xbd, 0xe1, 0x6a, 0xec, 0xbd, 0x7c, 0xca, 0x1a, 0xbe,
    0x39, 0x99, 0xc1, 0xbe, 0x84, 0xa2, 0x81, 0x3e, 0x31, 0x1f, 0xa9, 0xbe,
    0x76, 0x42, 0xde, 0xbd, 0x02, 0x14, 0x9c, 0xbe, 0x50, 0x67, 0x8a, 0xbe,
    0xed, 0x1b, 0x8c, 0xbe, 0xf5, 0x47, 0xa6, 0xbe, 0x28, 0x46, 0x06, 0xbe,
    0x5c, 0x90, 0x26, 0xbe, 0x5a, 0xfb, 0x4d, 0xbe, 0x15, 0x40, 0xb9, 0xbe,
    0x97, 0x34, 0xa5, 0xbe, 0xbb, 0x3b, 0x9a, 0x3e, 0x43, 0x86, 0x61, 0x3e,
    0x9e, 0xad, 0x43, 0x3d, 0xae, 0x35, 0x1e, 0x3e, 0xe0, 0xf4, 0x6f, 0xbd,
    0x33, 0x56, 0x84, 0xbe, 0x52, 0x15, 0xf8, 0xbc, 0x36, 0xe7, 0x9e, 0x3d,
    0x8c, 0x7e, 0x38, 0x3e, 0x9b, 0x6c, 0x66, 0xbe, 0xdd, 0xac, 0x82, 0xbe,
    0xe4, 0x30, 0x40, 0x3e, 0xff, 0xb1, 0x94, 0xbe, 0xf1, 0x8b, 0x4f, 0xbe,
    0x8e, 0x55, 0x3f, 0xbe, 0xe6, 0x01, 0xa0, 0xbb, 0xc9, 0x36, 0x89, 0xbd,
    0xf9, 0xb7, 0x0a, 0x3e, 0xa3, 0x76, 0xc7, 0x3d, 0x8d, 0x91, 0x2f, 0xbb,
    0xed, 0xde, 0x03, 0x3e, 0xc2, 0x6f, 0xa6, 0x3b, 0xa7, 0x8d, 0x1f, 0x3e,
    0x04, 0x81, 0x08, 0x3e, 0xc5, 0x8c, 0x3e, 0xbd, 0x68, 0x45, 0x1b, 0x3e,
    0x01, 0xed, 0x6a, 0xbd, 0xd1, 0x8b, 0x0b, 0xbc, 0x91, 0x1a, 0x31, 0x3d,
    0x54, 0x78, 0xb8, 0xbd, 0xe4, 0xa4, 0xae, 0x3c, 0x50, 0x16, 0xed, 0x3d,
    0xca, 0xd4, 0xf3, 0xbd, 0x07, 0xf1, 0x44, 0x3c, 0xc7, 0x22, 0x03, 0x3e,
    0x5b, 0xc6, 0x0a, 0xbd, 0xaa, 0xfb, 0x13, 0xbd, 0x64, 0xae, 0x15, 0xbe,
    0xb8, 0x5c, 0x91, 0xbc, 0xb4, 0xd5, 0x69, 0x3d, 0x43, 0x08, 0x7e, 0xbb,
    0x55, 0x85, 0xa8, 0xb9, 0x9b, 0x6e, 0xbe, 0x3d, 0x52, 0xd6, 0x4a, 0x3d,
    0xe8, 0xf2, 0x06, 0x3e, 0x5f, 0xd2, 0x40, 0x3e, 0x84, 0xe1, 0x0a, 0x3d,
    0xab, 0x54, 0xfc, 0x3d, 0x13, 0xfc, 0x17, 0x3e, 0x3d, 0xd3, 0xf9, 0x3c,
    0x2b, 0x7e, 0x75, 0x3d, 0x56, 0xb6, 0x85, 0x3d, 0xc0, 0x16, 0x4b, 0x3e,
    0xba, 0x98, 0x4e, 0xbd, 0x40, 0xd6, 0x25, 0xbd, 0x12, 0x3e, 0x57, 0xbc,
    0xdc, 0x23, 0x2d, 0x3c, 0x32, 0x05, 0xac, 0x3d, 0x6c, 0xbd, 0x26, 0x3e,
    0xa9, 0x80, 0x88, 0x3e, 0x12, 0x29, 0x44, 0xbd, 0xd1, 0x71, 0x4f, 0x3e,
    0xea, 0x5b, 0x6e, 0x3e, 0xb3, 0x00, 0xe8, 0xbd, 0x2e, 0xd4, 0x8e, 0xbd,
    0x20, 0x40, 0xfc, 0x3d, 0xb4, 0x83, 0x92, 0x3e, 0x91, 0xc0, 0xaf, 0xbd,
    0xc4, 0x91, 0x05, 0x3e, 0x0d, 0x3f, 0xf3, 0x3d, 0xb1, 0xe7, 0x88, 0x3d,
    0x30, 0x65, 0x10, 0xbe, 0xd2, 0xbd, 0x9e, 0xbe, 0x9b, 0xeb, 0x8c, 0xbe,
    0x3e, 0x0a, 0x9a, 0xbe, 0x77, 0x48, 0x60, 0xbe, 0x08, 0x66, 0x47, 0xbd,
    0x80, 0x4f, 0x24, 0xbe, 0xd4, 0x34, 0x51, 0xbe, 0x5b, 0x21, 0xef, 0xbd,
    0xa2, 0xdb, 0x69, 0xbd, 0x9c, 0x85, 0x06, 0xbe, 0xcd, 0xd2, 0x6d, 0xbe,
    0x46, 0x06, 0x9c, 0xbe, 0x02, 0x5b, 0x06, 0xbe, 0x3d, 0x98, 0x87, 0xbd,
    0x43, 0x8e, 0x23, 0xbb, 0xbc, 0xa0, 0x86, 0x3d, 0x80, 0x98, 0xe1, 0x3e,
    0xfe, 0x13, 0xb5, 0x3c, 0x8d, 0x01, 0x41, 0x3e, 0x4c, 0x00, 0x7e, 0x3d,
    0xd8, 0xd1, 0x8d, 0xbe, 0x79, 0xc6, 0x97, 0x3d, 0x61, 0x76, 0xaa, 0xbd,
    0x6d, 0x04, 0x49, 0xbd, 0x84, 0x4b, 0x0f, 0x3d, 0x41, 0x1c, 0x9b, 0xbd,
    0x7c, 0x76, 0x91, 0xbe, 0x2d, 0xc7, 0xda, 0x3d, 0x3f, 0x90, 0x10, 0x3d,
    0xae, 0xf2, 0x6d, 0xbd, 0x8b, 0xcd, 0x4b, 0xbd, 0x85, 0xb2, 0xe1, 0x3c,
    0xa7, 0xc3, 0x4a, 0xbd, 0xfd, 0xd5, 0x53, 0xbe, 0x91, 0x7c, 0xbb, 0xbc,
    0xe8, 0x1d, 0xa3, 0x3d, 0x19, 0x98, 0xa4, 0x3d, 0x6e, 0xbd, 0xbb, 0xbd,
    0xf0, 0x1c, 0x4f, 0xbe, 0xde, 0x36, 0xf6, 0xbd, 0x22, 0xe6, 0xfe, 0xbd,
    0xae, 0x1c, 0x22, 0xbe, 0x5f, 0xb0, 0x8f, 0x3d, 0x84, 0x36, 0x50, 0x3e,
    0x1a, 0xad, 0xfd, 0x3d, 0x1a, 0xa4, 0x59, 0x3e, 0xc3, 0x84, 0x44, 0xbd,
    0xcb, 0xe3, 0x95, 0xbe, 0xb9, 0xea, 0x1e, 0xbe, 0x56, 0x6a, 0x17, 0x3e,
    0x6c, 0xd6, 0xe9, 0x3d, 0xf7, 0xd8, 0x4e, 0xbe, 0x02, 0xf6, 0x30, 0xbe,
    0x34, 0x1e, 0xa7, 0xbd, 0xd8, 0x9b, 0x0c, 0xbe, 0x25, 0x93, 0x8d, 0x3d,
    0xd5, 0x8d, 0x9f, 0x3d, 0xa8, 0x9f, 0xa4, 0x3c, 0x27, 0x10, 0xfb, 0x3a,
    0xf4, 0x9c, 0x31, 0x3e, 0x72, 0xf3, 0x90, 0x3d, 0xae, 0x06, 0x32, 0x3e,
    0x2f, 0x9c, 0x5b, 0x3d, 0xe3, 0x1f, 0xa4, 0x3d, 0xb8, 0xd4, 0xcb, 0x3d,
    0x50, 0x12, 0x96, 0xbd, 0x02, 0x5e, 0x85, 0x3d, 0xac, 0x3e, 0x35, 0x3d,
    0xe0, 0x08, 0xb2, 0xbc, 0x98, 0x5b, 0xd4, 0xbd, 0x9d, 0xf8, 0x11, 0x3e,
    0xba, 0xf7, 0xc2, 0xbe, 0xf1, 0x1c, 0x92, 0xbe, 0xa4, 0x66, 0xca, 0x3e,
    0x64, 0xe8, 0x98, 0x3e, 0x44, 0x94, 0xe8, 0xbc, 0xeb, 0xc9, 0x8f, 0x3e,
    0xa8, 0x9d, 0xa4, 0x3e, 0xfb, 0x47, 0x72, 0x3e, 0x3c, 0x55, 0x89, 0xbd,
    0x65, 0x23, 0xc5, 0x3e, 0x65, 0x9e, 0xe1, 0xbc, 0x69, 0x44, 0x90, 0x3e,
    0x95, 0x84, 0xc0, 0x3e, 0xc6, 0x60, 0x80, 0xbe, 0x30, 0x1a, 0x15, 0xbd,
    0x07, 0xea, 0x03, 0x3e, 0xee, 0xd6, 0x0f, 0xbe, 0x59, 0xd6, 0x55, 0x3c,
    0x56, 0x47, 0x36, 0x3e, 0xe6, 0x03, 0xab, 0xbd, 0x4e, 0xca, 0xc3, 0xbd,
    0xfd, 0x6a, 0x7d, 0xbd, 0x6c, 0x90, 0x25, 0x3c, 0x89, 0x26, 0x85, 0xbc,
    0x23, 0xcb, 0xb5, 0xbc, 0x07, 0xe3, 0x0a, 0x3e, 0x60, 0xbb, 0xd5, 0x3d,
    0x45, 0xe3, 0x8c, 0xbd, 0xda, 0x07, 0xf0, 0x3e, 0xc0, 0x56, 0x2c, 0xbd,
    0x63, 0x0f, 0x5b, 0x3c, 0x90, 0x5a, 0x8e, 0xbd, 0x4d, 0x54, 0x1f, 0xbd,
    0x8f, 0x2e, 0xe2, 0x3d, 0x20, 0xdf, 0xae, 0xbd, 0x3c, 0xef, 0xba, 0xbd,
    0xc1, 0x82, 0xe1, 0xbc, 0xc2, 0xc1, 0x13, 0x3d, 0x89, 0x43, 0xc7, 0xbd,
    0x4c, 0xfb, 0x8f, 0xbd, 0xcd, 0xe7, 0x9f, 0x3e, 0x15, 0xc2, 0xc2, 0x3e,
    0x72, 0x77, 0x16, 0xbe, 0xae, 0x1f, 0xb3, 0xbe, 0x81, 0x9d, 0xa1, 0xbe,
    0x8c, 0xa1, 0x4e, 0xbd, 0x9f, 0x96, 0xe7, 0xbd, 0xc5, 0xd3, 0x56, 0xbe,
    0x27, 0x8f, 0xa5, 0xbe, 0x4f, 0x06, 0x64, 0xbe, 0xa7, 0x03, 0xa7, 0xbe,
    0x83, 0x6c, 0x81, 0xbe, 0xa0, 0x41, 0x85, 0xbe, 0x0c, 0xdc, 0xdc, 0xbd,
    0xe4, 0x88, 0x29, 0x3d, 0x5a, 0x71, 0x54, 0x3d, 0xee, 0xf6, 0x2c, 0x3f,
    0x2e, 0xd1, 0x22, 0xbe, 0xd5, 0x4e, 0xdb, 0xbe, 0x5e, 0x5b, 0xf3, 0x3d,
    0x74, 0x33, 0x08, 0xbf, 0xd7, 0x33, 0xb5, 0xbe, 0x4f, 0x48, 0xaf, 0xbe,
    0x57, 0x6b, 0xde, 0xbe, 0x8c, 0x63, 0x8e, 0xbe, 0xb1, 0x99, 0x09, 0x3f,
    0x85, 0x24, 0xe8, 0xbd, 0x99, 0x3c, 0x74, 0xbd, 0x9b, 0xba, 0x71, 0x3d,
    0x72, 0x5c, 0xe5, 0xbe, 0x42, 0x79, 0xde, 0xbd, 0x09, 0x0f, 0xe4, 0xbd,
    0x57, 0xc6, 0x34, 0xbe, 0xaa, 0x65, 0xea, 0xbc, 0x59, 0x2b, 0xa0, 0xbe,
    0xce, 0xf6, 0x49, 0xbe, 0x48, 0x60, 0x62, 0x3d, 0x48, 0x40, 0x80, 0xbe,
    0xe4, 0x8d, 0x6c, 0xbe, 0xec, 0x83, 0x23, 0xbe, 0xb8, 0x1a, 0x78, 0xbe,
    0x2c, 0xed, 0xab, 0xbe, 0x33, 0xe7, 0xee, 0xbd, 0x31, 0xf3, 0xb5, 0x3c,
    0xc6, 0x2e, 0x20, 0x3c, 0xc0, 0x84, 0x4e, 0x3c, 0xf5, 0x25, 0x6d, 0xbe,
    0x2f, 0x6b, 0x14, 0xbd, 0x9c, 0x28, 0x26, 0xbe, 0x4b, 0x8c, 0x91, 0xbe,
    0xb2, 0xf4, 0x95, 0xbe, 0x55, 0x3f, 0x44, 0xbe, 0xd1, 0x2c, 0x96, 0xbe,
    0xe1, 0x15, 0x91, 0xbe, 0xfd, 0x85, 0x88, 0xbe, 0x05, 0xee, 0x8a, 0xbe,
    0xfd, 0xc8, 0x8f, 0xbe, 0x60, 0xaa, 0x85, 0xbe, 0xdc, 0xf3, 0x42, 0xbe,
    0x33, 0xb2, 0xaa, 0xbe, 0x65, 0xef, 0x9b, 0xbe, 0x80, 0x92, 0xff, 0x3a,
    0xef, 0x71, 0x53, 0xbe, 0x76, 0xe5, 0x1a, 0xbe, 0x44, 0x49, 0xa3, 0xbe,
    0xdd, 0xcf, 0x3a, 0xbe, 0x07, 0x4a, 0x18, 0xbe, 0x38, 0x81, 0x1a, 0xbe,
    0x0e, 0xf9, 0xb2, 0xbe, 0xe7, 0x5a, 0x8d, 0xbe, 0xf7, 0x3d, 0xeb, 0xbd,
    0x3f, 0xae, 0x22, 0xbc, 0xb7, 0x99, 0xaf, 0x3d, 0xae, 0x26, 0x17, 0x3d,
    0x15, 0x15, 0xc1, 0x3d, 0xa3, 0x70, 0x39, 0x3d, 0x3b, 0xc6, 0xc3, 0xbc,
    0x29, 0xc1, 0x23, 0xbe, 0x95, 0x7f, 0x12, 0xbd, 0x68, 0xc5, 0xd4, 0xbd,
    0xd2, 0x42, 0x05, 0xbe, 0xe9, 0x30, 0xe0, 0x3d, 0xc8, 0x8e, 0x65, 0xbe,
    0xbe, 0x6b, 0xa8, 0xbd, 0xae, 0x78, 0xba, 0x3e, 0x3a, 0xbd, 0x9f, 0xbe,
    0x11, 0x3c, 0x3d, 0xbe, 0x20, 0x91, 0x76, 0xbe, 0x45, 0xbe, 0x30, 0xbe,
    0x08, 0x93, 0x05, 0x3d, 0x41, 0x95, 0x63, 0xbe, 0xe5, 0x23, 0x49, 0xbe,
    0x44, 0x09, 0x5d, 0xbd, 0xb1, 0x23, 0x93, 0xbe, 0x42, 0x7b, 0x4e, 0xbe,
    0x42, 0x74, 0x32, 0xbe, 0x24, 0x5a, 0x46, 0xbe, 0xd0, 0x3a, 0x94, 0xbe,
    0x02, 0x51, 0xc3, 0xbd, 0x1b, 0x2a, 0xe4, 0xbd, 0x25, 0x2f, 0x2a, 0xbd,
    0x62, 0x00, 0x80, 0xbd, 0xd1, 0x9a, 0xbf, 0xbd, 0x7e, 0xdd, 0xbb, 0xbd,
    0x1e, 0x16, 0x79, 0xbe, 0xa1, 0xba, 0x8f, 0xbe, 0x00, 0x31, 0x85, 0xbe,
    0x46, 0xe1, 0xac, 0xbe, 0x76, 0xa0, 0xa9, 0xbe, 0x49, 0x89, 0x8b, 0xbd,
    0x88, 0x59, 0x13, 0xbd, 0x35, 0x18, 0x98, 0xbc, 0xaf, 0xf7, 0x95, 0xbe,
    0x5b, 0xd6, 0xf2, 0xbd, 0xf6, 0x41, 0xb2, 0xbe, 0xc3, 0x9d, 0x3d, 0xbe,
    0x36, 0x7f, 0x29, 0xbe, 0x1e, 0xca, 0xd3, 0x3d, 0xfd, 0x33, 0x2d, 0xbe,
    0x32, 0x1f, 0x3a, 0xbe, 0xfc, 0x81, 0x86, 0xbe, 0x91, 0xe6, 0x50, 0xbe,
    0x15, 0xd7, 0x9f, 0xbe, 0x56, 0x2d, 0x54, 0xbe, 0x10, 0xe1, 0x9d, 0xbe,
    0xfc, 0x09, 0x89, 0xbe, 0x8d, 0x33, 0xee, 0xbd, 0x74, 0x98, 0x54, 0xbd,
    0x1e, 0x40, 0xc8, 0x3d, 0xeb, 0x69, 0x29, 0xbe, 0x92, 0x61, 0xef, 0x3e,
    0xd6, 0x8f, 0xc8, 0xbe, 0xe2, 0x74, 0x68, 0xbe, 0x6d, 0x97, 0xb5, 0x3e,
    0xc5, 0x4b, 0x50, 0x3e, 0xb1, 0x76, 0xbd, 0x3e, 0x7f, 0xc3, 0xb8, 0x3e,
    0x11, 0x2d, 0xf9, 0xbe, 0x4b, 0xae, 0x5a, 0xbe, 0x60, 0xb6, 0x2d, 0x3e,
    0x3f, 0x3d, 0x02, 0x3e, 0x2c, 0x73, 0x16, 0xbe, 0xf5, 0x06, 0xda, 0x3d,
    0xc0, 0x5d, 0x88, 0xbe, 0xd7, 0x6c, 0xdd, 0xbc, 0x5d, 0x50, 0x73, 0x3d,
    0xf5, 0x9b, 0x53, 0xbe, 0x85, 0x61, 0xc3, 0xbc, 0x31, 0x15, 0xb9, 0xbd,
    0x8f, 0xb1, 0x83, 0x3c, 0x11, 0xda, 0xb4, 0xbe, 0x3b, 0xd5, 0x04, 0xbe,
    0xfb, 0x1a, 0xa3, 0xbe, 0x1c, 0xc2, 0x0e, 0xbe, 0xd8, 0xcf, 0x45, 0xbe,
    0x44, 0xf4, 0xd8, 0x3d, 0xc5, 0xfe, 0xd9, 0xbd, 0x00, 0xd1, 0x60, 0x3d,
    0x6f, 0x6c, 0xa4, 0xbe, 0x2c, 0x11, 0x63, 0xbd, 0x9f, 0xe4, 0x8a, 0xbe,
    0x32, 0xfd, 0xeb, 0xbd, 0x8c, 0xed, 0x99, 0xbe, 0xfe, 0xd1, 0x64, 0xbe,
    0x0c, 0xe7, 0x89, 0xbe, 0x9d, 0xdb, 0xc3, 0x3e, 0x3f, 0xd4, 0xad, 0x3e,
    0x0e, 0xcd, 0x83, 0x3e, 0x40, 0xc8, 0xa2, 0xbe, 0x71, 0xb8, 0xb7, 0xbe,
    0x5a, 0x93, 0x7a, 0xbe, 0x57, 0xea, 0xa7, 0xbe, 0x99, 0x67, 0x0d, 0xbe,
    0x6e, 0x7f, 0x03, 0xbe, 0x9c, 0x88, 0x42, 0xbe, 0xa6, 0x85, 0xee, 0xbd,
    0x2a, 0x1f, 0x3b, 0xbe, 0xe9, 0x0a, 0x51, 0xbe, 0xe7, 0x6a, 0xc1, 0xbe,
    0x72, 0x24, 0xf8, 0xbd, 0x06, 0x8e, 0x8b, 0xbe, 0xad, 0xc8, 0xbf, 0xbe,
    0xc5, 0x14, 0x07, 0x3e, 0x99, 0xea, 0x13, 0x3c, 0x54, 0x9c, 0xf2, 0x3c,
    0x02, 0xb2, 0xca, 0x3d, 0x6b, 0x3d, 0x06, 0x3e, 0x48, 0xbc, 0xad, 0x3e,
    0x14, 0x1c, 0x3d, 0x3e, 0xcc, 0xba, 0x82, 0xbd, 0x0d, 0xd2, 0xd9, 0x3c,
    0xcf, 0x1a, 0x3a, 0xbe, 0x41, 0x76, 0xa5, 0xbd, 0x36, 0x3f, 0x9d, 0xbb,
    0x64, 0x30, 0xa1, 0xbe, 0x9b, 0xf2, 0xa6, 0xbd, 0x90, 0x0e, 0x56, 0x3e,
    0x77, 0xf1, 0x5c, 0x3c, 0x63, 0xe0, 0x5b, 0xbe, 0xc0, 0xa7, 0x13, 0xbe,
    0x25, 0x6f, 0xd9, 0xbd, 0x64, 0xde, 0xce, 0xbc, 0x6b, 0x96, 0xa7, 0xbe,
    0x06, 0xed, 0xa5, 0xbd, 0x43, 0xd9, 0x03, 0x3e, 0xf6, 0x6e, 0x02, 0xbd,
    0xfc, 0x3e, 0xb4, 0xbe, 0xf0, 0x00, 0x01, 0xbe, 0x72, 0x4e, 0x73, 0xbe,
    0x75, 0x91, 0x3a, 0xbe, 0x35, 0x1a, 0x12, 0xbe, 0xb6, 0x33, 0x7a, 0xbd,
    0xc9, 0x44, 0x61, 0xbd, 0xd2, 0xa5, 0xef, 0x3d, 0x93, 0x54, 0xae, 0xbe,
    0xd1, 0xf2, 0x28, 0xbe, 0x3d, 0x00, 0xae, 0xbe, 0x07, 0x31, 0x8d, 0xbe,
    0x6d, 0xf9, 0x82, 0xbe, 0x0d, 0x0d, 0x88, 0xbe, 0x17, 0x00, 0x89, 0xbe,
    0x3e, 0xff, 0x73, 0xbe, 0x47, 0xa1, 0xef, 0xbd, 0xf1, 0x0e, 0x2f, 0xbe,
    0xba, 0xc7, 0xe2, 0x3d, 0x6e, 0xfa, 0x21, 0x3e, 0x9f, 0x50, 0x3b, 0xbb,
    0xaf, 0x42, 0xe5, 0xbd, 0x7f, 0x06, 0xc2, 0xbd, 0x58, 0x49, 0xe1, 0x3c,
    0x6f, 0x2f, 0x64, 0xbe, 0xb7, 0x12, 0x5b, 0xbe, 0x08, 0x1b, 0xb8, 0xbd,
    0xa8, 0x64, 0x22, 0xbe, 0xe8, 0x2c, 0xde, 0xbd, 0x15, 0x40, 0x0c, 0xbe,
    0x63, 0x1c, 0xaf, 0xbd, 0x5f, 0x9f, 0x9e, 0xbc, 0x48, 0x86, 0x35, 0xbd,
    0x55, 0x06, 0xe1, 0x3d, 0x06, 0x74, 0x47, 0x3d, 0x3f, 0xad, 0x10, 0xbd,
    0x53, 0xb1, 0xb4, 0xbe, 0xdc, 0xf1, 0x9b, 0xbe, 0x4b, 0xc6, 0x16, 0xbe,
    0x0c, 0x3d, 0x80, 0xbe, 0xa5, 0x51, 0x4d, 0xbe, 0x60, 0xfd, 0xc3, 0xbd,
    0x2a, 0x9f, 0x1c, 0xbe, 0x0e, 0xc8, 0xa9, 0x3d, 0x3d, 0x0a, 0x1e, 0xbe,
    0xf0, 0x85, 0x1e, 0x3e, 0x7b, 0x6b, 0x90, 0xbd, 0xd7, 0xe9, 0x91, 0xbd,
    0xd7, 0x74, 0xed, 0x3d, 0x1c, 0xe6, 0xb9, 0xbd, 0xf5, 0x4a, 0x8d, 0x3e,
    0xba, 0x94, 0x17, 0x3c, 0xcf, 0x98, 0x8a, 0x3c, 0x9c, 0x5e, 0x46, 0x3b,
    0x9c, 0xef, 0xaf, 0x3d, 0xa2, 0x5f, 0x0a, 0x3f, 0x97, 0x77, 0x2f, 0xbe,
    0xf4, 0x15, 0x8f, 0x3c, 0x18, 0x08, 0xaa, 0xbb, 0x47, 0x80, 0xde, 0x3c,
    0x0c, 0x95, 0xb8, 0x3d, 0xe8, 0xbf, 0x6d, 0xbd, 0xeb, 0xd1, 0x56, 0xbe,
    0x04, 0x5c, 0x0a, 0x3d, 0x2c, 0xdb, 0x20, 0xbd, 0x1d, 0x0e, 0xca, 0xbd,
    0x78, 0x5c, 0xb9, 0x3d, 0xae, 0x26, 0xb5, 0xbd, 0xfd, 0xe1, 0xe7, 0x3b,
    0x0b, 0xf1, 0xaf, 0x3c, 0x56, 0x47, 0x7e, 0x3d, 0x5b, 0x39, 0x42, 0xbe,
    0xf0, 0x1a, 0x27, 0xbd, 0x90, 0xda, 0xa9, 0xbd, 0x7c, 0x35, 0x25, 0xbd,
    0xc7, 0x30, 0x1a, 0xbd, 0x11, 0x3c, 0x28, 0x3a, 0xeb, 0xd7, 0x22, 0xbe,
    0xed, 0x8d, 0x04, 0xbe, 0x10, 0x44, 0x15, 0x3d, 0x88, 0x1d, 0xb1, 0xbd,
    0x23, 0x2d, 0xdc, 0x3b, 0x87, 0x4f, 0x2f, 0xbe, 0x15, 0xf2, 0xd8, 0xbd,
    0x57, 0xc3, 0x9a, 0xbd, 0x5f, 0xd3, 0x0b, 0xbe, 0xf2, 0x4d, 0x23, 0xbc,
    0xc5, 0x0c, 0xb1, 0xbd, 0x69, 0xf0, 0xfc, 0xbd, 0x35, 0x3e, 0xeb, 0xbd,
    0x0c, 0x75, 0x8a, 0x3c, 0x6e, 0x69, 0xf1, 0x3e, 0xe9, 0xa3, 0x8a, 0xbd,
    0x60, 0x33, 0x56, 0xbe, 0xcb, 0x14, 0x4d, 0xbe, 0x2d, 0xaf, 0xb3, 0x3d,
    0xce, 0x4d, 0x99, 0x3d, 0xa7, 0x71, 0xd0, 0x3d, 0x17, 0x9d, 0x02, 0x3e,
    0x3f, 0xd8, 0x0e, 0x3e, 0x1a, 0xf8, 0x89, 0xbd, 0xfb, 0xd8, 0xac, 0xbe,
    0xc6, 0xdf, 0x8a, 0x3e, 0x18, 0x41, 0x80, 0xbd, 0x6b, 0xb0, 0x48, 0xbe,
    0x95, 0xd7, 0x42, 0xbe, 0x6a, 0xf7, 0xe7, 0xbc, 0x07, 0xd6, 0xdf, 0xbc,
    0x46, 0xf5, 0x32, 0xbe, 0xeb, 0x1d, 0x44, 0xbd, 0x28, 0x0c, 0x8c, 0xbc,
    0x19, 0xce, 0x85, 0xbe, 0xc5, 0xfb, 0xb6, 0xbd, 0x3a, 0x3f, 0x66, 0xbd,
    0xa3, 0xd1, 0x0e, 0xbe, 0x1c, 0xa9, 0x5f, 0xbd, 0xb7, 0x87, 0x5c, 0xbe,
    0x8d, 0x2f, 0xe2, 0xbd, 0x79, 0x24, 0x64, 0x3e, 0x46, 0xec, 0x96, 0x3d,
    0x8e, 0x02, 0x10, 0x3d, 0x1f, 0xdb, 0x22, 0xbe, 0x4f, 0x87, 0x4a, 0xbe,
    0xf3, 0xb5, 0x09, 0xbe, 0x36, 0x1d, 0x01, 0x3e, 0x52, 0x0f, 0x84, 0x3d,
    0x4b, 0x97, 0x4c, 0xbe, 0x77, 0x96, 0x28, 0xbc, 0x72, 0x74, 0x1b, 0xbc,
    0x00, 0xa3, 0x62, 0xbe, 0x7c, 0xc8, 0x32, 0x3e, 0x7d, 0xaf, 0x84, 0x3e,
    0xa9, 0xc6, 0x25, 0x3e, 0x4d, 0x64, 0xe7, 0x3d, 0x63, 0xcf, 0x21, 0x3e,
    0x74, 0x32, 0x33, 0xbd, 0x69, 0x9d, 0x03, 0x3e, 0x98, 0x14, 0x13, 0x3e,
    0xd3, 0xe1, 0xba, 0xbd, 0xa3, 0x22, 0x94, 0xbd, 0x9d, 0x28, 0x7e, 0x3d,
    0x17, 0xfc, 0xdc, 0x3d, 0x92, 0xd7, 0x00, 0xbd, 0xf6, 0x5e, 0x4b, 0x3d,
    0x00, 0x6c, 0x4b, 0xb9, 0xb4, 0xe9, 0xc7, 0x3d, 0x44, 0x95, 0x65, 0x3e,
    0xfd, 0x3d, 0x52, 0x3c, 0x8b, 0x96, 0x03, 0x3e, 0xf1, 0x89, 0x83, 0xbd,
    0x38, 0x9c, 0xd7, 0x3b, 0x82, 0x15, 0x22, 0xbd, 0xbf, 0xf9, 0x0e, 0x3e,
    0xf9, 0x9c, 0x7a, 0x3e, 0x45, 0x74, 0x1a, 0xbe, 0x18, 0x43, 0xb5, 0x3e,
    0x1d, 0xc0, 0x1e, 0x3e, 0xc9, 0x18, 0x22, 0x3e, 0xbe, 0xbd, 0x7d, 0x3e,
    0x81, 0x37, 0xb9, 0xbd, 0x4e, 0xbb, 0xf2, 0xbd, 0x3d, 0xf5, 0x43, 0x3d,
    0xeb, 0xd8, 0xbd, 0xbd, 0x79, 0x28, 0x3c, 0x3d, 0xb0, 0xfe, 0x43, 0x3d,
    0xfa, 0xf7, 0x60, 0xbb, 0x12, 0xca, 0xe6, 0xbd, 0x1d, 0x24, 0x21, 0xbe,
    0x8a, 0xfb, 0xe5, 0x3c, 0xde, 0x46, 0xa6, 0x3d, 0xe7, 0xa3, 0x1b, 0xbe,
    0xeb, 0xea, 0x15, 0x3d, 0xbf, 0xdd, 0xe3, 0xbd, 0xd3, 0xab, 0x4c, 0x3c,
    0x6c, 0xe5, 0x96, 0x3e, 0x90, 0x9d, 0xcf, 0x3d, 0x01, 0x3c, 0x18, 0x3e,
    0x06, 0xb7, 0xb1, 0x3d, 0xce, 0x12, 0x69, 0x3d, 0xd3, 0xa2, 0x56, 0xbc,
    0xad, 0x89, 0x2e, 0x3e, 0xe4, 0xe8, 0x45, 0xbc, 0x8b, 0x31, 0x34, 0xbd,
    0xd4, 0x0a, 0x9f, 0x3d, 0x05, 0xa0, 0xcb, 0x3d, 0x93, 0x98, 0xc1, 0x3d,
    0x0f, 0x5c, 0x44, 0xbd, 0xf0, 0x45, 0xe6, 0xbd, 0x2f, 0xb8, 0x2d, 0xbe,
    0x16, 0xb3, 0x81, 0xbd, 0x70, 0xc5, 0x68, 0xbe, 0xa0, 0x7b, 0xaa, 0xbc,
    0x4e, 0x5b, 0xe6, 0xbd, 0x71, 0x97, 0x27, 0xbe, 0x09, 0x71, 0x79, 0xbd,
    0x82, 0xa3, 0xce, 0xbd, 0x4b, 0x30, 0x82, 0xbc, 0xee, 0x96, 0xf8, 0xbd,
    0x82, 0x80, 0x46, 0xbe, 0x62, 0x49, 0x77, 0xbc, 0xb0, 0xdf, 0x98, 0x3c,
    0x76, 0x5b, 0x53, 0xbd, 0x12, 0x25, 0x0c, 0x3e, 0xee, 0x29, 0x20, 0xbe,
    0xa4, 0xeb, 0x64, 0xbe, 0x4d, 0xd9, 0x11, 0xbe, 0xc8, 0x2f, 0x23, 0x3d,
    0x46, 0x29, 0x68, 0xbe, 0x60, 0xca, 0x8e, 0xbe, 0xfc, 0xf6, 0xa5, 0xbe,
    0x06, 0x83, 0x00, 0x3d, 0x01, 0x7d, 0x0a, 0x3e, 0xfc, 0x9a, 0xcf, 0xbd,
    0xf4, 0x53, 0xf2, 0x3c, 0xff, 0xcb, 0x50, 0xba, 0xcc, 0x5e, 0x0a, 0xbe,
    0x2f, 0xce, 0xa4, 0x3d, 0xdd, 0xf2, 0x3e, 0xbd, 0x72, 0xd0, 0x89, 0x3e,
    0xd2, 0x91, 0xaa, 0x3c, 0x79, 0x1f, 0xf3, 0xbb, 0xb0, 0xd9, 0x63, 0x3e,
    0xea, 0x13, 0xc6, 0x3d, 0x16, 0x9c, 0xb4, 0xb9, 0x09, 0x49, 0x8b, 0x3e,
    0x49, 0xf8, 0x44, 0x3d, 0x8b, 0x48, 0x90, 0x3e, 0x1c, 0xe7, 0x0a, 0xbe,
    0xea, 0x7f, 0x7e, 0xbe, 0xb6, 0x53, 0x2e, 0xbd, 0xcb, 0x7e, 0x0b, 0xbe,
    0x43, 0xd0, 0xf5, 0xbd, 0x32, 0xd8, 0x69, 0xbe, 0x98, 0x0d, 0x87, 0xbd,
    0x3a, 0x40, 0xd5, 0xbc, 0xc8, 0x4c, 0x2f, 0xbe, 0x56, 0x82, 0x36, 0xbd,
    0x42, 0x89, 0xdb, 0xbd, 0x9e, 0x9e, 0x00, 0xbe, 0x63, 0x9a, 0xac, 0xbd,
    0xfe, 0x48, 0x4a, 0xbe, 0x45, 0x4e, 0x62, 0xbe, 0xca, 0xc6, 0xfa, 0xbd,
    0xbe, 0xea, 0x51, 0xbe, 0x64, 0x61, 0x12, 0xbe, 0x48, 0x17, 0x99, 0xbd,
    0x14, 0x27, 0x2a, 0xbe, 0xfc, 0x09, 0x63, 0xbd, 0x3b, 0x24, 0xd6, 0xbd,
    0x00, 0x7b, 0xc4, 0xbd, 0x10, 0xfb, 0x1d, 0xbe, 0x44, 0xdf, 0x97, 0xbd,
    0x0c, 0xf7, 0xc9, 0xbd, 0x72, 0x77, 0x2d, 0xbd, 0x9f, 0xaa, 0x98, 0xbd,
    0xe9, 0xd8, 0x16, 0xbe, 0xb4, 0x71, 0x3c, 0xbd, 0x0a, 0x61, 0x57, 0x3e,
    0x0c, 0x75, 0x5f, 0x3e, 0x99, 0x07, 0xbf, 0xbe, 0xfa, 0x0d, 0x01, 0x3d,
    0x2a, 0x80, 0x3c, 0x3e, 0x39, 0x1a, 0x0f, 0xbe, 0x71, 0x55, 0x77, 0x3e,
    0x04, 0xbc, 0x30, 0x3e, 0x9f, 0x34, 0x78, 0x3d, 0x45, 0xbe, 0x7b, 0x3d,
    0x4f, 0xd4, 0xee, 0xbe, 0x7e, 0xf9, 0xc8, 0xbd, 0x2c, 0x96, 0xa5, 0xbb,
    0xbd, 0xd6, 0x3b, 0xbf, 0x95, 0x01, 0x82, 0x3e, 0xc9, 0x37, 0x13, 0x3e,
    0x03, 0x96, 0x6f, 0xbc, 0x72, 0xf7, 0x1f, 0xbd, 0x7c, 0xf3, 0x8d, 0x3c,
    0xc3, 0x4d, 0x4d, 0xbe, 0xec, 0xbb, 0xba, 0x3d, 0x5a, 0x33, 0xaf, 0x3d,
    0x6a, 0x5c, 0xab, 0xbd, 0xe7, 0xee, 0x3c, 0xbe, 0xcc, 0xa7, 0xfa, 0xbc,
    0x1f, 0xfc, 0x1d, 0xbe, 0x15, 0xcb, 0xaf, 0xbd, 0x35, 0x35, 0xde, 0xbd,
    0x07, 0xbb, 0x5e, 0xbe, 0xf3, 0x91, 0xa5, 0xbd, 0xf1, 0x0c, 0xb4, 0xbd,
    0x81, 0x95, 0xa3, 0xbc, 0x02, 0x87, 0x37, 0xbd, 0x80, 0x91, 0x49, 0xbe,
    0x57, 0xf0, 0x05, 0xbe, 0x1e, 0xa1, 0xa0, 0xbd, 0x04, 0xdc, 0x48, 0xbe,
    0x81, 0x59, 0xae, 0xbb, 0xba, 0xcb, 0x2a, 0x3d, 0x0b, 0x2c, 0x64, 0xbd,
    0xa6, 0x98, 0x36, 0xbe, 0xe0, 0x27, 0x7e, 0x3d, 0x56, 0x0a, 0xb0, 0x3d,
    0x5e, 0x29, 0x1e, 0x3e, 0x96, 0x0f, 0xb8, 0xbc, 0x8c, 0xbc, 0x90, 0xbd,
    0xa0, 0x7a, 0x70, 0x3d, 0x64, 0x5a, 0x69, 0x3d, 0xc1, 0x89, 0xa7, 0x3b,
    0x7c, 0x64, 0xf0, 0xbb, 0xc1, 0xed, 0xa5, 0xbc, 0xaa, 0xb4, 0x20, 0x3e,
    0xe4, 0xa6, 0xd1, 0x3c, 0xc9, 0x80, 0x14, 0x3e, 0x67, 0xf6, 0x2b, 0x3e,
    0x30, 0xac, 0x8a, 0x3c, 0x4d, 0x6b, 0x78, 0x3d, 0x51, 0x7c, 0x9f, 0xbd,
    0x04, 0xc4, 0x99, 0xbd, 0x0c, 0x42, 0xe5, 0xbd, 0x8a, 0xfd, 0x6a, 0x3e,
    0x0b, 0xfa, 0x2b, 0xbe, 0xc2, 0x02, 0x07, 0xbd, 0xa1, 0xc2, 0x48, 0xbe,
    0x2c, 0xb3, 0x0d, 0xbe, 0x37, 0xce, 0x56, 0xbe, 0x8a, 0xa7, 0x8f, 0x3c,
    0xc6, 0x57, 0x34, 0xbd, 0xf9, 0xeb, 0xc1, 0xbd, 0xc2, 0x79, 0x37, 0xbd,
    0x8c, 0x72, 0x21, 0xbd, 0xe3, 0x58, 0xcb, 0x3e, 0x39, 0xb3, 0xd5, 0x3d,
    0x9f, 0x03, 0x3a, 0x3e, 0x55, 0xb4, 0xdf, 0x3d, 0x65, 0x0d, 0xe5, 0xbb,
    0x5e, 0x19, 0x88, 0x3d, 0xba, 0x0b, 0x75, 0xbd, 0x7f, 0x52, 0x14, 0xbe,
    0x98, 0xc0, 0x36, 0xbd, 0xa1, 0x65, 0x8f, 0xbd, 0xcd, 0x19, 0x8e, 0xbd,
    0x2a, 0xe9, 0x3b, 0x3e, 0xba, 0xa5, 0x6b, 0x3e, 0x14, 0x82, 0x5a, 0x3e,
    0x23, 0x66, 0x82, 0x3e, 0x20, 0x31, 0xfc, 0xbb, 0x74, 0x45, 0x1a, 0x3e,
    0xfc, 0xa4, 0x02, 0x3c, 0x4d, 0x16, 0x4d, 0x3e, 0x06, 0xec, 0xa7, 0x3c,
    0x1f, 0xb5, 0x41, 0x3e, 0x4e, 0x43, 0x1a, 0x3e, 0x4d, 0x3f, 0x42, 0x3e,
    0xd3, 0x68, 0xbb, 0xbc, 0x8a, 0x13, 0x08, 0xbe, 0xba, 0xa1, 0x1c, 0x3d,
    0x52, 0x5c, 0x17, 0x3e, 0xfa, 0x83, 0x78, 0x3e, 0xc1, 0x54, 0xa5, 0xbd,
    0x73, 0x41, 0x61, 0xbc, 0xc4, 0xcd, 0xf5, 0xbb, 0x20, 0x14, 0x78, 0x3d,
    0x73, 0x27, 0x61, 0x3b, 0x72, 0x13, 0xfb, 0xbd, 0x16, 0xae, 0x2b, 0xbc,
    0xa9, 0x68, 0x8a, 0xbd, 0x69, 0xee, 0x90, 0xbc, 0x72, 0x35, 0x02, 0x3d,
    0xbb, 0x7e, 0x8b, 0xbd, 0xb3, 0x85, 0x17, 0xbe, 0x58, 0xd6, 0x59, 0xbc,
    0x32, 0x51, 0x2c, 0x3d, 0x7f, 0xac, 0x47, 0x3c, 0xa3, 0x2f, 0xec, 0xbd,
    0x5d, 0xa0, 0x4b, 0xbe, 0x9d, 0x3d, 0xd3, 0x3e, 0x91, 0x1a, 0xb1, 0xbe,
    0x05, 0x52, 0x39, 0xbe, 0x45, 0xa0, 0x91, 0xbb, 0xdc, 0xb7, 0x72, 0x3c,
    0xf7, 0x45, 0xa7, 0x3c, 0xd7, 0xf8, 0x3a, 0xbe, 0xb8, 0x0e, 0x2b, 0xbe,
    0x6b, 0x5b, 0xa2, 0x3d, 0x32, 0x8c, 0x8a, 0xbe, 0x12, 0xa4, 0xa6, 0x3d,
    0xeb, 0x4d, 0xb2, 0x3e, 0x21, 0x86, 0xfb, 0x3b, 0x4e, 0xaa, 0x7f, 0x3e,
    0x4d, 0x09, 0x99, 0xbd, 0xd8, 0x0e, 0x30, 0xbd, 0x9e, 0x43, 0x8b, 0x3d,
    0xd1, 0xc5, 0xd6, 0xbd, 0x79, 0xb9, 0x75, 0xbe, 0x2b, 0xed, 0x04, 0xbe,
    0xab, 0x6e, 0xc3, 0xbd, 0xb1, 0xe5, 0x40, 0xbd, 0xc4, 0xe2, 0xa6, 0x3d,
    0x28, 0x4f, 0x0b, 0x3e, 0x75, 0xe5, 0x4b, 0x3d, 0xff, 0x0a, 0xbd, 0x3c,
    0xaa, 0xcf, 0xcd, 0xbd, 0x21, 0xc8, 0x51, 0xbe, 0x6f, 0x7b, 0x6a, 0xbd,
    0x85, 0x0c, 0x90, 0x3d, 0xe0, 0x5d, 0xd1, 0x3d, 0xfd, 0x92, 0xe3, 0xbc,
    0xa9, 0x73, 0x3f, 0xbe, 0x3c, 0xad, 0x9f, 0x3c, 0x3b, 0xe1, 0x0c, 0xbe,
    0x2c, 0x7e, 0xc9, 0xbd, 0xbb, 0xc9, 0x60, 0xbd, 0x68, 0x45, 0x39, 0xbd,
    0x45, 0xec, 0x13, 0xbd, 0x9f, 0x4f, 0xd0, 0xbc, 0x27, 0x69, 0xee, 0x3b,
    0x63, 0xd3, 0xa7, 0xbd, 0x2a, 0x31, 0xa3, 0xbd, 0x87, 0x01, 0x31, 0xbc,
    0x2a, 0x2f, 0x6e, 0xbd, 0x6f, 0xa5, 0xd2, 0xbd, 0x0c, 0xc0, 0x61, 0x3c,
    0xa2, 0x53, 0x27, 0xbd, 0x56, 0x08, 0x7d, 0xbd, 0xbb, 0x32, 0xdb, 0xbd,
    0x7f, 0x72, 0x75, 0xbd, 0x91, 0xb6, 0xe8, 0xbd, 0x34, 0xb0, 0x0e, 0xbd,
    0x34, 0x05, 0x94, 0x3e, 0x22, 0xeb, 0x9e, 0xbd, 0x31, 0x60, 0xa3, 0xbd,
    0xf7, 0xc2, 0x01, 0xbd, 0xa2, 0x42, 0x79, 0x3d, 0x0b, 0xf2, 0xaa, 0x3e,
    0x9c, 0xb2, 0x17, 0xbe, 0xdd, 0x3d, 0xcc, 0x3d, 0x27, 0xac, 0xda, 0x3d,
    0xd3, 0xef, 0x63, 0x3d, 0x8e, 0x86, 0x93, 0x3b, 0x61, 0xc5, 0x93, 0xbe,
    0xdb, 0x3e, 0x14, 0xbe, 0x06, 0xae, 0x29, 0x3e, 0x96, 0xa2, 0x2a, 0xbe,
    0x49, 0xb3, 0x80, 0x3d, 0xb5, 0x21, 0x41, 0xbe, 0x89, 0x0b, 0x26, 0xbc,
    0xfd, 0x0a, 0x26, 0xbe, 0x1d, 0x0d, 0xbe, 0xbd, 0xb0, 0x94, 0x02, 0x3c,
    0x70, 0x95, 0xac, 0x3c, 0x6c, 0xd5, 0xb7, 0xbd, 0xb3, 0xaa, 0x40, 0xbb,
    0x93, 0x97, 0xa9, 0xbc, 0x16, 0xce, 0x0f, 0x3d, 0xfd, 0xb4, 0x11, 0xbd,
    0x45, 0xf0, 0x65, 0x3b, 0x09, 0x24, 0xa1, 0x3d, 0x1c, 0x2e, 0xbe, 0xbd,
    0x62, 0x10, 0xc7, 0x3d, 0xa4, 0x5a, 0x13, 0xbe, 0xb2, 0xb6, 0x87, 0xbd,
    0x2c, 0x69, 0x74, 0xbd, 0xf4, 0x4b, 0xa3, 0x3e, 0x40, 0x36, 0x23, 0x3e,
    0xf6, 0xbc, 0x14, 0xbe, 0xa4, 0x97, 0xae, 0xbd, 0xa1, 0x43, 0x9e, 0x3b,
    0xac, 0xa4, 0x49, 0xbc, 0x0d, 0x1f, 0x37, 0x3e, 0x8c, 0x20, 0x0c, 0x3e,
    0x55, 0xa9, 0xa9, 0xbd, 0x75, 0xed, 0x8a, 0xbe, 0x61, 0xcc, 0xbe, 0xbd,
    0xe8, 0x7c, 0x7b, 0x3d, 0x90, 0xfc, 0x73, 0xbd, 0x36, 0xbc, 0x63, 0xbe,
    0x89, 0xc9, 0x39, 0xbe, 0x0a, 0x59, 0xe8, 0xbd, 0x21, 0x3f, 0x76, 0xbe,
    0x2e, 0x10, 0x81, 0xbe, 0x3b, 0x76, 0x8c, 0xbe, 0x47, 0xa4, 0x0d, 0xbe,
    0xfe, 0xf2, 0xa9, 0x3d, 0x5b, 0xe5, 0xa8, 0x3d, 0x31, 0x07, 0x4c, 0x3b,
    0xcb, 0x35, 0x2b, 0xbb, 0xb2, 0xe0, 0xb3, 0xbe, 0xfd, 0x47, 0x45, 0x3e,
    0xdc, 0xd0, 0x37, 0xbe, 0x29, 0xa3, 0x7c, 0xbe, 0x89, 0x18, 0x3e, 0x3e,
    0x4c, 0xb3, 0xbc, 0xbd, 0x42, 0xd7, 0xb9, 0x39, 0x34, 0xd4, 0xdf, 0x3b,
    0xf1, 0x9c, 0x19, 0xbe, 0x59, 0xd2, 0x84, 0xbe, 0xc8, 0x45, 0x4f, 0x3e,
    0xd1, 0x70, 0x47, 0xbe, 0xb9, 0x99, 0x86, 0x3e, 0xcd, 0x34, 0x86, 0xbe,
    0xc7, 0x09, 0x1a, 0x3e, 0xc9, 0x37, 0xe2, 0xbd, 0xd5, 0x14, 0x97, 0xbd,
    0xd1, 0x32, 0xdf, 0xba, 0x00, 0x36, 0xa3, 0xb9, 0xaa, 0x74, 0x16, 0xbb,
    0xbd, 0x23, 0x6e, 0xbd, 0xab, 0x00, 0xcf, 0xbd, 0xe5, 0x76, 0x86, 0xbe,
    0x79, 0xb6, 0x08, 0xbe, 0xae, 0xb1, 0x73, 0xbe, 0xe8, 0x9e, 0x7c, 0x3b,
    0x52, 0x78, 0x1c, 0x3e, 0xa8, 0xc4, 0x0c, 0xbd, 0xc2, 0xda, 0x14, 0x3e,
    0x83, 0xef, 0x4b, 0xbd, 0xf0, 0x3e, 0x67, 0xbe, 0x6d, 0xcb, 0xa8, 0xbd,
    0x48, 0x83, 0x66, 0x3e, 0xd5, 0xd5, 0x6f, 0x3e, 0xc9, 0x17, 0xe3, 0xbd,
    0x63, 0x4b, 0x86, 0xbe, 0xdb, 0x83, 0x49, 0xbd, 0x48, 0x23, 0x3f, 0xbe,
    0x40, 0xb8, 0x54, 0xbe, 0x22, 0xf8, 0x3a, 0xbe, 0xf3, 0x83, 0x90, 0xbd,
    0xa5, 0xac, 0x86, 0xbd, 0x6a, 0x84, 0x16, 0xbe, 0xb4, 0x95, 0x82, 0x3d,
    0xc1, 0xe8, 0x95, 0xbe, 0x9a, 0xf5, 0x2b, 0xbe, 0xdd, 0xaa, 0x92, 0xbe,
    0x35, 0x6f, 0xfb, 0xbd, 0xde, 0xce, 0x86, 0xbe, 0xc1, 0x0e, 0x5d, 0xbe,
    0x12, 0x46, 0x99, 0xbd, 0x06, 0x10, 0x26, 0xbd, 0x36, 0x4f, 0xa4, 0xbd,
    0xa5, 0x0d, 0xb6, 0xbd, 0x4f, 0xa7, 0x55, 0x3e, 0x07, 0xc2, 0x30, 0x3f,
    0xe0, 0x03, 0x16, 0x3e, 0x1d, 0xf4, 0x8a, 0xbe, 0x9f, 0x57, 0x91, 0xbe,
    0x16, 0x44, 0x2b, 0x3e, 0xf3, 0xe1, 0xcb, 0x3c, 0x5b, 0x15, 0x8e, 0x3d,
    0x02, 0x45, 0x9c, 0x3e, 0x16, 0x94, 0x91, 0x3e, 0x63, 0x74, 0x78, 0xbd,
    0x52, 0xac, 0xb7, 0xbd, 0x7c, 0x1e, 0x6a, 0x3e, 0xbe, 0x47, 0xe6, 0xbd,
    0x7c, 0x65, 0x4e, 0x3c, 0xb1, 0xdb, 0x16, 0xbd, 0x70, 0x37, 0x7c, 0xbd,
    0x4b, 0x62, 0x90, 0xbd, 0xce, 0xe9, 0x98, 0xbd, 0x19, 0x7f, 0xa0, 0xbe,
    0xe0, 0x78, 0xd9, 0x3c, 0x6e, 0x26, 0x8c, 0xbe, 0x3b, 0x5e, 0xa7, 0xbd,
    0x6a, 0x1a, 0x69, 0xbe, 0x92, 0x0c, 0x22, 0xbe, 0x78, 0xda, 0xb4, 0xbd,
    0x19, 0xd4, 0x94, 0xbe, 0x98, 0x3a, 0x0b, 0xbd, 0xde, 0x71, 0x00, 0x3e,
    0x48, 0x8a, 0xaf, 0x3d, 0x94, 0xf3, 0x65, 0x3b, 0xc3, 0x91, 0x4b, 0xbc,
    0x55, 0x34, 0x12, 0xbe, 0x2b, 0xce, 0x74, 0xbe, 0xf0, 0x2d, 0x0c, 0xbe,
    0xc4, 0x61, 0x25, 0x3d, 0x84, 0x68, 0xd4, 0xbd, 0x36, 0x6a, 0x51, 0xbe,
    0xae, 0xd9, 0x17, 0xbe, 0xa5, 0x64, 0x11, 0xbe, 0xb4, 0xbf, 0x5c, 0x3e,
    0x3a, 0x84, 0x77, 0x3e, 0xd5, 0x9d, 0x4d, 0xbe, 0xc5, 0xb7, 0x08, 0xbd,
    0x06, 0x19, 0xd1, 0xbd, 0xf4, 0x17, 0x65, 0x3d, 0xc1, 0xce, 0x30, 0xbe,
    0x7f, 0xca, 0x6a, 0xbd, 0x97, 0xec, 0xca, 0xbc, 0x38, 0x25, 0x27, 0xbd,
    0x9d, 0x5f, 0xae, 0xbd, 0x78, 0x21, 0x1a, 0x3c, 0x0e, 0x9e, 0xfa, 0xbd,
    0x82, 0xc1, 0xbf, 0xbd, 0x7d, 0x03, 0x02, 0x3e, 0xc2, 0x0f, 0x38, 0x3d,
    0x0f, 0xe8, 0x1e, 0xbe, 0x6d, 0x04, 0x9c, 0xbc, 0x33, 0x32, 0xbf, 0xbe,
    0xaa, 0x7a, 0x71, 0x3c, 0x86, 0x61, 0x66, 0x3e, 0x29, 0x8f, 0x90, 0xbe,
    0x81, 0x5f, 0xc3, 0xbd, 0xdd, 0xd8, 0x65, 0x3d, 0xac, 0xe8, 0xa7, 0xbe,
    0x12, 0x4c, 0x0f, 0xbe, 0xc7, 0xf3, 0x81, 0xbe, 0x21, 0xf2, 0x82, 0xbe,
    0xb0, 0xc3, 0x29, 0xbe, 0xbc, 0x3c, 0xc4, 0xbd, 0xc2, 0xcf, 0xa7, 0x3e,
    0x2c, 0x7f, 0xb8, 0xbc, 0xfa, 0x15, 0x8f, 0x3e, 0x51, 0xe0, 0x07, 0x3e,
    0x23, 0x73, 0x86, 0xbd, 0x79, 0x75, 0x0f, 0x3e, 0x06, 0x4c, 0xd9, 0xbd,
    0xd5, 0xa4, 0x87, 0x3e, 0x05, 0x15, 0xe0, 0x3b, 0x8d, 0x76, 0xe6, 0xbd,
    0xcf, 0xb4, 0x06, 0xbe, 0xaa, 0xea, 0x59, 0xbe, 0xb0, 0xe3, 0x40, 0xbe,
    0xcf, 0xc1, 0x8f, 0xbe, 0x29, 0x91, 0x67, 0x3e, 0x04, 0x5c, 0xb2, 0xbc,
    0x82, 0x79, 0xb2, 0x3d, 0xd8, 0x59, 0x27, 0xbe, 0x19, 0x38, 0xe6, 0xbd,
    0x34, 0xf2, 0x0d, 0xbe, 0xd8, 0xd4, 0x49, 0x3e, 0xde, 0x6f, 0x62, 0x3e,
    0x1c, 0xb9, 0x7d, 0xbe, 0x29, 0xc6, 0x64, 0xbe, 0xe4, 0x85, 0x02, 0xbe,
    0x93, 0x8c, 0x7a, 0xbe, 0x12, 0xce, 0xff, 0xff, 0x04, 0x00, 0x00, 0x00,
    0x00, 0x08, 0x00, 0x00, 0x16, 0xd3, 0xd7, 0x3d, 0x2c, 0x9f, 0x53, 0x3c,
    0x6a, 0x46, 0xa8, 0x3e, 0x1f, 0xd2, 0x27, 0xbf, 0x7a, 0xc1, 0x17, 0x3e,
    0x42, 0x6f, 0x40, 0x3e, 0x19, 0x41, 0xca, 0x3d, 0xef, 0xbb, 0xc3, 0x3b,
    0x5f, 0x54, 0x22, 0xbd, 0x49, 0xf3, 0xc5, 0xbe, 0x5c, 0xb1, 0xb2, 0x3e,
    0xf2, 0x4c, 0x1c, 0xbe, 0x9d, 0x27, 0xda, 0x3c, 0xdd, 0x58, 0x4f, 0xbe,
    0xd9, 0x06, 0x25, 0x3e, 0x39, 0x40, 0x2f, 0x3e, 0x5f, 0x60, 0xa5, 0x3e,
    0xa2, 0x8a, 0x06, 0x3f, 0x6a, 0x59, 0x06, 0x3f, 0x10, 0x5e, 0x41, 0xbe,
    0x63, 0xfa, 0x39, 0xbd, 0xb8, 0xe0, 0xb1, 0x3d, 0x94, 0x99, 0x42, 0x3e,
    0x21, 0x14, 0x9a, 0x3d, 0x9e, 0xa7, 0x23, 0x3e, 0xf3, 0xb8, 0xe4, 0xbd,
    0x06, 0x38, 0xa4, 0x3e, 0x65, 0x98, 0xae, 0x3c, 0x1c, 0x03, 0x6e, 0x3e,
    0x83, 0x71, 0x95, 0x3e, 0x4d, 0x07, 0x51, 0x3e, 0x11, 0x3b, 0x9a, 0x3e,
    0x39, 0xf6, 0x11, 0xbd, 0x7c, 0x72, 0x30, 0xbe, 0xc9, 0x82, 0xa4, 0x3d,
    0x41, 0x6b, 0xb9, 0x3e, 0x21, 0x16, 0xe1, 0x3d, 0x55, 0x54, 0x05, 0xbd,
    0xc1, 0xf1, 0xbc, 0x3e, 0xe0, 0x30, 0xa3, 0x3e, 0x9c, 0xdc, 0xa4, 0x3c,
    0xa4, 0xdc, 0xde, 0x3e, 0x5c, 0x24, 0x94, 0x3e, 0x90, 0xd2, 0x6d, 0x3e,
    0x8f, 0x55, 0xe6, 0x3e, 0xed, 0x2b, 0x2b, 0x3e, 0xbc, 0x2b, 0xa9, 0x3e,
    0xbd, 0x71, 0x46, 0x3e, 0x4e, 0xea, 0xbe, 0xb9, 0x07, 0x54, 0x89, 0x3c,
    0x9e, 0xf5, 0x51, 0xbe, 0xe8, 0x78, 0x6b, 0x3e, 0xeb, 0x4f, 0x06, 0xbe,
    0xff, 0x98, 0x78, 0x3e, 0x98, 0x1e, 0x86, 0x3d, 0x5c, 0x9d, 0xa2, 0x3e,
    0x28, 0xd7, 0x3c, 0xbc, 0xec, 0xd6, 0xfb, 0xbd, 0x49, 0xdd, 0x86, 0x3e,
    0xd5, 0x8d, 0xae, 0x3e, 0x0f, 0xdf, 0x09, 0x3e, 0xb6, 0x3c, 0x40, 0x3e,
    0xb2, 0xad, 0x49, 0xbd, 0x77, 0xdb, 0x6e, 0x3e, 0x0d, 0x9c, 0xa1, 0x3e,
    0x33, 0xfa, 0x33, 0xbe, 0x61, 0x19, 0x25, 0x3e, 0xc8, 0x26, 0x47, 0x3e,
    0xed, 0xaa, 0x48, 0xbf, 0x65, 0x69, 0x94, 0x3e, 0xfa, 0x60, 0x68, 0xbe,
    0x23, 0x61, 0xe3, 0xbd, 0x76, 0x51, 0xa0, 0xbe, 0x11, 0x39, 0xa2, 0x3d,
    0x47, 0x63, 0xb5, 0xbd, 0x64, 0xd8, 0x33, 0xbe, 0x49, 0x2e, 0xa1, 0xbd,
    0x69, 0x1f, 0x05, 0x3e, 0x7c, 0xa4, 0xff, 0xbc, 0xbb, 0xdf, 0xa4, 0xbe,
    0xdf, 0x59, 0x90, 0x3e, 0x05, 0x6c, 0x25, 0xbe, 0x9f, 0x7a, 0x81, 0xbe,
    0x3d, 0xfb, 0x8f, 0x3e, 0xb8, 0xc3, 0x7a, 0x3a, 0xc4, 0x95, 0x3c, 0xbd,
    0x54, 0x6a, 0x96, 0xbe, 0x41, 0x1e, 0x0a, 0x3e, 0x1b, 0xff, 0xc1, 0x3e,
    0xa7, 0xd8, 0xc1, 0xbd, 0xea, 0x23, 0x93, 0xbe, 0xea, 0x94, 0x33, 0xbe,
    0xf9, 0xbc, 0x20, 0xbe, 0x00, 0xb5, 0x96, 0xbe, 0x57, 0xdc, 0x44, 0x3e,
    0xc9, 0x87, 0x6d, 0xbe, 0xd8, 0x62, 0xca, 0xbd, 0x91, 0x5b, 0x40, 0x3e,
    0x32, 0x32, 0x61, 0x3d, 0xeb, 0x4b, 0xa8, 0xbd, 0xa2, 0xb5, 0x7a, 0x3e,
    0x3e, 0xb3, 0xd9, 0x3d, 0x5d, 0x19, 0x56, 0x3e, 0x46, 0x2e, 0x29, 0xbd,
    0xc3, 0x6f, 0x99, 0x3e, 0xc7, 0xa9, 0x0e, 0x3e, 0x0b, 0xb9, 0x9b, 0x3c,
    0x2b, 0x0b, 0x7c, 0xbe, 0x65, 0x7d, 0x2f, 0x3e, 0x2a, 0x7b, 0x1e, 0x3e,
    0x0b, 0x9c, 0x1b, 0xbd, 0xa1, 0x50, 0x33, 0x3e, 0x33, 0xdc, 0xd0, 0x3e,
    0xe6, 0xd9, 0x71, 0x3d, 0x7d, 0x7b, 0xf6, 0x3e, 0xc7, 0x15, 0x06, 0x3e,
    0x9f, 0x4b, 0xf9, 0x3e, 0x1c, 0xe0, 0xac, 0xbd, 0xd2, 0xee, 0x58, 0x3e,
    0xa4, 0x86, 0xb3, 0x3e, 0x66, 0x8f, 0x64, 0x3e, 0x74, 0x2b, 0x4f, 0x3e,
    0xaf, 0xe1, 0xe3, 0xbd, 0xa5, 0x27, 0x46, 0xbb, 0x51, 0x28, 0x28, 0x3e,
    0xdd, 0xf6, 0x6e, 0x3d, 0xf2, 0xdd, 0x06, 0x3e, 0x61, 0x9d, 0x1e, 0x3d,
    0x56, 0x55, 0x82, 0x3d, 0xce, 0x56, 0x18, 0x3e, 0xd9, 0x5a, 0xdf, 0xbd,
    0x8b, 0x26, 0x8b, 0xbe, 0xaf, 0x4f, 0x27, 0xbe, 0x13, 0x8b, 0x69, 0x3e,
    0xc6, 0xc8, 0x5f, 0x3e, 0x51, 0xb6, 0x90, 0x3c, 0x49, 0x36, 0xbc, 0xbc,
    0x4f, 0xb4, 0x80, 0xbc, 0x3c, 0xaf, 0xe4, 0x3d, 0xfe, 0xeb, 0xdb, 0xbe,
    0x29, 0x62, 0x92, 0xbd, 0x14, 0x9a, 0x3a, 0xbf, 0x20, 0x78, 0x23, 0x3e,
    0xe5, 0x9f, 0x7c, 0x3e, 0x6b, 0x50, 0x9e, 0x3d, 0x70, 0xe4, 0xb8, 0x3e,
    0x37, 0xcc, 0xb2, 0x3e, 0x6e, 0x66, 0x31, 0x3e, 0x64, 0x3e, 0xfd, 0x3d,
    0xd4, 0x07, 0x54, 0xbd, 0x52, 0x96, 0xdb, 0xbd, 0x94, 0x6e, 0xba, 0x3e,
    0xb4, 0x5a, 0xee, 0x3d, 0x38, 0x61, 0x01, 0x3d, 0x8e, 0x85, 0xb0, 0x3e,
    0xe1, 0x15, 0xb8, 0x3e, 0xdd, 0x07, 0xab, 0xbc, 0xe0, 0xa8, 0xa0, 0x3e,
    0x17, 0x91, 0x6d, 0x3e, 0x05, 0x99, 0x84, 0x3e, 0x1c, 0xf7, 0x74, 0x3d,
    0x68, 0x7f, 0x60, 0xbd, 0xc1, 0x28, 0x11, 0xbe, 0xf8, 0x66, 0x1c, 0xbd,
    0x48, 0x52, 0x03, 0xbd, 0xfc, 0x91, 0x6d, 0x3c, 0xb8, 0x44, 0x9f, 0xbc,
    0xc8, 0x4f, 0x09, 0x3e, 0xc2, 0x97, 0xf0, 0x3d, 0x89, 0xae, 0xb1, 0xbd,
    0x1a, 0xc3, 0x2b, 0xbe, 0x57, 0xbf, 0xb9, 0xbd, 0x1a, 0x3a, 0xad, 0xbd,
    0xd2, 0x37, 0xcd, 0x3d, 0x79, 0x79, 0xa8, 0xbd, 0x90, 0x35, 0x88, 0xbc,
    0xc2, 0xf9, 0x79, 0xbc, 0xa3, 0xbb, 0xdb, 0xbd, 0x4e, 0x1b, 0xa4, 0x3d,
    0x28, 0xcf, 0x96, 0xbd, 0x20, 0xd5, 0x15, 0xbc, 0x3a, 0x8b, 0xfe, 0xbd,
    0x80, 0x0f, 0x92, 0xbc, 0x20, 0xc3, 0xcd, 0x3c, 0x8c, 0xdc, 0x29, 0x3c,
    0xf0, 0xb3, 0xa8, 0xbd, 0x8c, 0x1c, 0x57, 0x3d, 0x50, 0x9b, 0x3b, 0xbd,
    0xbe, 0xb6, 0xc8, 0xbd, 0x54, 0x7d, 0x05, 0xbe, 0x88, 0x61, 0x19, 0xbd,
    0x4c, 0x01, 0x2b, 0xbe, 0x38, 0x4c, 0x22, 0x3e, 0x2c, 0x5b, 0xfb, 0xbf,
    0xa3, 0x49, 0x87, 0x3e, 0xa2, 0x02, 0x05, 0x3e, 0xf6, 0x12, 0x85, 0x3e,
    0xdd, 0x6d, 0x83, 0xbe, 0x21, 0xf2, 0x49, 0x3d, 0xdb, 0x17, 0x19, 0x3e,
    0x57, 0x64, 0x4a, 0x3e, 0xd2, 0x10, 0x22, 0x3e, 0x2b, 0x18, 0x37, 0x3e,
    0xff, 0xa8, 0x7f, 0x3e, 0xbf, 0xfd, 0x8d, 0xbe, 0x94, 0x85, 0x35, 0x3e,
    0xac, 0x53, 0x71, 0x3e, 0x6c, 0xc4, 0xdf, 0x3e, 0x10, 0x01, 0x26, 0xbf,
    0x69, 0x02, 0x55, 0xbf, 0x1c, 0x96, 0x3e, 0xbf, 0x87, 0x02, 0x1d, 0xbe,
    0x1b, 0x83, 0x1f, 0xbf, 0x12, 0x3b, 0xcb, 0xbe, 0x6d, 0x94, 0x35, 0xbd,
    0x93, 0x65, 0x75, 0x3e, 0x08, 0x71, 0x94, 0xbe, 0xfd, 0x5c, 0x35, 0xbe,
    0x41, 0xc0, 0x76, 0x3e, 0x16, 0x0c, 0x29, 0xbe, 0xb7, 0x28, 0x5a, 0xbd,
    0x23, 0xc2, 0x80, 0xbe, 0x0d, 0xfa, 0xa1, 0x3f, 0x33, 0x82, 0xb3, 0x3d,
    0x9a, 0xff, 0xc8, 0x3d, 0xb7, 0xa1, 0x39, 0x3e, 0xff, 0xb3, 0xd7, 0xbe,
    0x82, 0x8b, 0x73, 0x3e, 0xf6, 0x7d, 0x2f, 0x3e, 0xc5, 0x6b, 0xff, 0x3b,
    0xcb, 0xa2, 0xab, 0x3e, 0x38, 0x92, 0xb6, 0x3d, 0xd6, 0x9c, 0x88, 0x3c,
    0xaf, 0xdb, 0x13, 0x3e, 0x6e, 0x18, 0x3a, 0x3e, 0xc8, 0x74, 0x3f, 0xbe,
    0xe0, 0x69, 0x03, 0x3e, 0x18, 0xcb, 0x1f, 0xbf, 0xb3, 0x8e, 0x21, 0x3e,
    0xe4, 0x75, 0x96, 0x3e, 0xb0, 0x9a, 0x85, 0x3e, 0x5f, 0x7c, 0xca, 0x3e,
    0x93, 0x33, 0x79, 0x3e, 0x0b, 0x63, 0x7b, 0xbe, 0x91, 0x4c, 0xb2, 0x3c,
    0xab, 0x81, 0x50, 0x3e, 0xc8, 0x2c, 0x5d, 0x3e, 0x70, 0x25, 0xb1, 0x3e,
    0x45, 0x36, 0x0c, 0x3d, 0xf3, 0xdf, 0xb2, 0x3d, 0xcd, 0xf6, 0xb2, 0x3e,
    0x43, 0x40, 0x96, 0x3e, 0xcc, 0xb9, 0x02, 0x3f, 0x39, 0x07, 0xe0, 0x3e,
    0x05, 0xfa, 0x95, 0x3e, 0x7c, 0xaa, 0xf6, 0x3e, 0xab, 0xf8, 0x64, 0xbe,
    0x80, 0x1e, 0xcc, 0x3e, 0x1e, 0x89, 0x9c, 0xbd, 0x2d, 0xcd, 0x2b, 0xbe,
    0xb7, 0x65, 0x82, 0x3e, 0x9c, 0x23, 0x0e, 0x3e, 0x92, 0x0a, 0x90, 0x3e,
    0x6b, 0x5b, 0x84, 0xbd, 0xb2, 0x9a, 0x46, 0x3e, 0xde, 0xd4, 0xa9, 0x3d,
    0xc5, 0x9d, 0xe6, 0x3e, 0x66, 0x38, 0x52, 0xbe, 0x27, 0x8c, 0xb1, 0x3e,
    0x2e, 0xce, 0x52, 0x3e, 0x2e, 0x5e, 0xff, 0xbd, 0xc2, 0x4d, 0xc2, 0xbe,
    0x2c, 0x2c, 0x63, 0x3e, 0x52, 0xb2, 0x0b, 0x3f, 0xfa, 0xc2, 0xc2, 0xbc,
    0x1d, 0x47, 0x05, 0xbe, 0x05, 0xbb, 0x49, 0x3e, 0x16, 0x89, 0xeb, 0x3d,
    0xdb, 0x13, 0x00, 0xbe, 0xe2, 0x10, 0x5b, 0x3e, 0xa4, 0x6b, 0xe9, 0x3d,
    0x90, 0xf8, 0x48, 0x3e, 0x61, 0xe0, 0x47, 0x3e, 0x17, 0x7d, 0x04, 0x3f,
    0x79, 0xa8, 0xbe, 0xbe, 0x5e, 0xe7, 0xa4, 0x3d, 0xc7, 0xee, 0x55, 0x3e,
    0xbc, 0x50, 0x4a, 0x3d, 0x76, 0x67, 0x88, 0x3e, 0x9d, 0x52, 0xa6, 0x3d,
    0xe6, 0xe0, 0xe5, 0x3e, 0x03, 0x19, 0xc9, 0x3d, 0x98, 0xda, 0x9f, 0x3e,
    0xc3, 0x73, 0xb4, 0x3e, 0x2b, 0x59, 0x13, 0x3e, 0x57, 0x97, 0xd7, 0x3e,
    0x89, 0x46, 0x8b, 0x3e, 0x93, 0x00, 0xaf, 0x3d, 0xa7, 0xa6, 0x66, 0x3e,
    0xb9, 0x49, 0xf9, 0x3e, 0x05, 0x60, 0x40, 0x3e, 0x03, 0xdc, 0x5f, 0x3e,
    0xf7, 0x45, 0xa6, 0x3d, 0x72, 0x3b, 0x09, 0xbe, 0x8d, 0x6d, 0x18, 0x3e,
    0x0b, 0x99, 0x0a, 0x3e, 0xcb, 0x64, 0x8f, 0x3d, 0x51, 0x20, 0x01, 0xbe,
    0x02, 0x2f, 0x79, 0xbe, 0x1f, 0x7f, 0xe2, 0x3e, 0x09, 0x29, 0xa4, 0xbe,
    0x02, 0x31, 0x88, 0xbc, 0x85, 0x39, 0xd0, 0x3e, 0xb6, 0x42, 0x9f, 0x3d,
    0xca, 0x63, 0x01, 0x3c, 0x01, 0x01, 0x60, 0x3d, 0xdb, 0xe8, 0x30, 0xbe,
    0x1d, 0xee, 0xf9, 0xbd, 0xc6, 0x93, 0x80, 0x3e, 0xf2, 0x45, 0x4d, 0x3e,
    0x68, 0xe1, 0x8d, 0x3e, 0x53, 0x1f, 0xd5, 0x3e, 0x34, 0x54, 0xc9, 0xbc,
    0xf7, 0x25, 0x92, 0xbe, 0xdf, 0xe9, 0x2c, 0x3e, 0xfb, 0x5f, 0xc2, 0xbd,
    0x57, 0xd5, 0x2d, 0x3e, 0xce, 0xc1, 0x1f, 0xbe, 0x03, 0x9b, 0x82, 0x3d,
    0x2b, 0xa1, 0xe6, 0xbd, 0xb9, 0x13, 0xaf, 0x3e, 0x5e, 0x8f, 0x54, 0xbd,
    0xe2, 0xe7, 0xa8, 0x3e, 0xd4, 0xfc, 0xc9, 0x3d, 0xbf, 0x73, 0x0d, 0xbe,
    0x72, 0x65, 0x1e, 0x3e, 0xc8, 0x8a, 0xd8, 0x3d, 0x05, 0x83, 0x6d, 0x3e,
    0xb4, 0x0a, 0xd6, 0x3e, 0x50, 0x4d, 0xdd, 0x3d, 0x4d, 0xd1, 0x9a, 0x3e,
    0x2b, 0x37, 0xac, 0x3c, 0xf9, 0x87, 0xa8, 0x3d, 0x42, 0x41, 0x57, 0x3e,
    0xa2, 0x4f, 0xcb, 0x3d, 0x3c, 0x81, 0xa3, 0x3d, 0x1e, 0x70, 0x90, 0x3e,
    0x1e, 0xa4, 0xbd, 0x3e, 0xc4, 0x98, 0x2b, 0xbd, 0xcf, 0x7f, 0x23, 0x3e,
    0x66, 0xb0, 0xe1, 0x3e, 0xe1, 0x2b, 0x90, 0xbc, 0x0c, 0x5d, 0xcb, 0x3b,
    0x8b, 0x81, 0x13, 0x3d, 0x00, 0x92, 0xda, 0xbd, 0x5f, 0xaa, 0x71, 0x3d,
    0x20, 0x18, 0x91, 0xbd, 0x81, 0xa1, 0xed, 0xbd, 0xe3, 0x39, 0x0a, 0xbe,
    0x48, 0x27, 0x82, 0xbe, 0xd6, 0x8c, 0xc4, 0x3b, 0x95, 0x48, 0xeb, 0x3a,
    0x72, 0xaa, 0x0e, 0xbe, 0xb3, 0x4f, 0xd2, 0x3c, 0x9a, 0xc3, 0x3a, 0xbe,
    0xa2, 0x8b, 0x5f, 0xbe, 0x4c, 0x33, 0x34, 0xbe, 0x30, 0x04, 0xf2, 0xbd,
    0x18, 0x24, 0x74, 0xbd, 0x99, 0x83, 0x8f, 0xbd, 0xed, 0x15, 0x4b, 0x3c,
    0xfc, 0xed, 0x3d, 0xbe, 0x02, 0x57, 0x89, 0xbc, 0xf4, 0xb1, 0x2b, 0xbd,
    0x39, 0xd9, 0x43, 0x3c, 0xc3, 0xca, 0x03, 0x3e, 0x80, 0x34, 0xd3, 0x3c,
    0x38, 0xe1, 0xde, 0xbd, 0x56, 0x23, 0x43, 0xbe, 0x3a, 0x18, 0xca, 0xbd,
    0x13, 0x1a, 0x14, 0xbe, 0x87, 0x8f, 0x74, 0xbb, 0x16, 0xb9, 0x3e, 0xbc,
    0x3f, 0x00, 0x9d, 0x3d, 0xe2, 0xa1, 0x37, 0x3e, 0xbf, 0x03, 0x94, 0xbc,
    0xfc, 0x04, 0x08, 0x3e, 0x5e, 0x51, 0x8f, 0x3c, 0xd0, 0xdf, 0x87, 0x3c,
    0x68, 0x98, 0xb2, 0x3e, 0x22, 0xba, 0x84, 0xbe, 0x2d, 0x01, 0x52, 0x3e,
    0x31, 0xb1, 0xa1, 0xbe, 0x40, 0x49, 0xf7, 0xbc, 0x99, 0xc5, 0xda, 0x3c,
    0x8f, 0x3e, 0xad, 0xbd, 0xf4, 0x2f, 0x61, 0x3e, 0x19, 0xa3, 0x48, 0xbe,
    0x4a, 0x75, 0x9d, 0x3e, 0x44, 0xeb, 0x9b, 0xbd, 0xc3, 0xe0, 0xb8, 0xbd,
    0xf5, 0x9b, 0xb0, 0xbc, 0x61, 0x22, 0xff, 0xbd, 0x76, 0x86, 0x97, 0x3e,
    0x8a, 0xf0, 0x77, 0x3e, 0x56, 0x4d, 0xd8, 0x3c, 0x15, 0xba, 0x95, 0xbd,
    0x47, 0xd7, 0x38, 0x3e, 0x93, 0x35, 0x05, 0x3e, 0x21, 0x21, 0x05, 0xbe,
    0x80, 0xf8, 0x42, 0xbd, 0x58, 0x4c, 0x7e, 0xbd, 0x04, 0x1f, 0x82, 0x3c,
    0x5b, 0x3e, 0xa6, 0x3e, 0xf2, 0xf3, 0x86, 0xbe, 0x4f, 0xc9, 0x07, 0x3e,
    0xae, 0x20, 0x14, 0x3e, 0x70, 0xab, 0x89, 0xbd, 0x5d, 0xba, 0xa9, 0xbb,
    0x01, 0x06, 0x6e, 0xbe, 0x53, 0xc0, 0xdc, 0x3d, 0x22, 0xd4, 0xc4, 0xbd,
    0xba, 0xa3, 0x21, 0x3c, 0xe6, 0x87, 0x89, 0x3e, 0x93, 0x9c, 0x35, 0x3e,
    0x82, 0x51, 0x05, 0xbe, 0x94, 0x4b, 0x86, 0xbe, 0x67, 0xe4, 0x7a, 0x3e,
    0x48, 0xdb, 0xc2, 0xbd, 0xff, 0x55, 0xdd, 0xbe, 0x6a, 0x8c, 0xd9, 0x3e,
    0xf1, 0x6a, 0xd4, 0xbd, 0x62, 0x36, 0x0c, 0x3e, 0x18, 0x6e, 0x0b, 0xbd,
    0x31, 0x46, 0xb2, 0xbc, 0x6f, 0x78, 0x0a, 0xbe, 0x18, 0x28, 0xc4, 0xbd,
    0x5f, 0x79, 0xcc, 0x3e, 0xfe, 0xcb, 0x66, 0x3d, 0x19, 0x94, 0xbf, 0xbd,
    0x3d, 0x03, 0x4f, 0x3d, 0xfd, 0xc6, 0xfa, 0x3d, 0x1f, 0xa4, 0xad, 0x3d,
    0xf7, 0x80, 0xb7, 0xbd, 0x68, 0x0c, 0x6b, 0x3e, 0x2c, 0xdc, 0x98, 0x3e,
    0x7e, 0x98, 0x30, 0xbd, 0xf4, 0x0f, 0x11, 0x3f, 0x38, 0xf8, 0x78, 0x3e,
    0x85, 0xbb, 0x68, 0x3e, 0x96, 0xb0, 0x82, 0x3d, 0xfc, 0xc4, 0x8f, 0xbe,
    0x2e, 0x73, 0xb4, 0x3d, 0x44, 0x71, 0xbb, 0xbd, 0x7c, 0x7d, 0x89, 0x3e,
    0x83, 0xd2, 0x0e, 0xbe, 0x48, 0xef, 0x25, 0xbe, 0x88, 0xf9, 0x57, 0xbd,
    0xc0, 0x76, 0x8f, 0x3d, 0x76, 0x93, 0x8e, 0xbd, 0xda, 0x9e, 0xb3, 0x3e,
    0x17, 0x25, 0xb1, 0xbe, 0x20, 0xe2, 0x07, 0x3e, 0xee, 0xdc, 0x08, 0xbe,
    0xff, 0x1c, 0x78, 0xbd, 0x8c, 0x0b, 0x11, 0x3f, 0x74, 0xbd, 0x80, 0x3e,
    0xba, 0xd9, 0x10, 0x3c, 0x98, 0x62, 0x88, 0xbd, 0xa2, 0x41, 0xd6, 0x38,
    0xb1, 0x88, 0xe3, 0x3c, 0xfd, 0xa2, 0xc4, 0x3e, 0x39, 0xa7, 0x6b, 0x3e,
    0x0b, 0x06, 0xe7, 0xbd, 0x89, 0xa7, 0x09, 0xbf, 0x3b, 0xf9, 0xe4, 0xbd,
    0x49, 0x0e, 0x82, 0xbd, 0xe6, 0xe4, 0xc2, 0x3d, 0x4a, 0xa0, 0xd6, 0xbd,
    0xd9, 0xde, 0x6f, 0xbe, 0x67, 0xb6, 0xc5, 0x3d, 0x4c, 0x87, 0xd0, 0xbd,
    0x52, 0xc9, 0x4b, 0xbe, 0x63, 0x7c, 0x47, 0xbe, 0x84, 0xab, 0xab, 0xbe,
    0x23, 0x9e, 0xbf, 0x3d, 0xeb, 0xd5, 0x90, 0x3e, 0x76, 0x81, 0xbf, 0xbd,
    0x83, 0xda, 0x37, 0xbe, 0x72, 0x0b, 0x3f, 0x3e, 0x86, 0xc7, 0x07, 0x3e,
    0xfe, 0xa0, 0x62, 0xbe, 0x4c, 0x48, 0x1a, 0x3e, 0x0a, 0xad, 0x8e, 0xbd,
    0xd9, 0x84, 0x3f, 0x3d, 0x0f, 0x0e, 0xd2, 0xbd, 0x3d, 0x13, 0x38, 0x3e,
    0xda, 0x35, 0x5b, 0x3e, 0x67, 0x86, 0xe2, 0x3e, 0xe9, 0x1c, 0x81, 0x3e,
    0x3a, 0x47, 0x60, 0x3e, 0xfb, 0x08, 0x13, 0xbe, 0x54, 0x84, 0xa0, 0x3d,
    0x7e, 0x09, 0xce, 0x3e, 0x67, 0x67, 0x1c, 0x3b, 0x19, 0xfb, 0x7a, 0xbe,
    0x78, 0x25, 0x46, 0xbe, 0xec, 0x9b, 0x2a, 0xbe, 0x9a, 0xb8, 0x07, 0xbe,
    0x0f, 0xab, 0x22, 0x3e, 0x8e, 0x81, 0x82, 0x3e, 0x75, 0x61, 0x61, 0xbe,
    0x1e, 0xd6, 0xff, 0xff, 0x04, 0x00, 0x00, 0x00, 0x00, 0x02, 0x00, 0x00,
    0x5b, 0xe3, 0x77, 0x3e, 0xac, 0x48, 0xe4, 0x3e, 0xad, 0x85, 0xd7, 0xbd,
    0xac, 0x75, 0x0f, 0xbd, 0xca, 0x70, 0x11, 0x3f, 0x44, 0x24, 0x1f, 0x3e,
    0xe0, 0x29, 0x99, 0x3d, 0xaa, 0x13, 0xd1, 0x3e, 0x47, 0x8c, 0x27, 0xbd,
    0xbf, 0xae, 0x00, 0xbf, 0xee, 0x35, 0xbf, 0x3d, 0xcc, 0x88, 0x1f, 0xbe,
    0x37, 0x43, 0xd7, 0x3e, 0xe0, 0x58, 0xc4, 0x3e, 0x5a, 0x16, 0x80, 0x3e,
    0xf6, 0x0e, 0xf3, 0x3e, 0x83, 0x77, 0x99, 0xbe, 0xbc, 0x95, 0xa1, 0x3e,
    0x75, 0x8a, 0xd0, 0x3e, 0x15, 0x36, 0x09, 0x3e, 0xbf, 0xb9, 0x43, 0xbe,
    0xd9, 0x46, 0xe6, 0xbd, 0xbf, 0xbd, 0x54, 0x3e, 0xb0, 0x05, 0x2f, 0x3e,
    0x58, 0xc6, 0xeb, 0xbe, 0x9c, 0x96, 0x02, 0xbe, 0x66, 0xa4, 0x3c, 0x3d,
    0x97, 0xb6, 0xa9, 0xbd, 0x32, 0x01, 0x07, 0x3d, 0xf3, 0x4e, 0x56, 0xbd,
    0x98, 0xf6, 0xb0, 0xbd, 0xc8, 0xa3, 0x75, 0x3d, 0x6e, 0x9d, 0x65, 0x3e,
    0xd3, 0x11, 0x5d, 0x3e, 0xaf, 0xdd, 0xf6, 0x3e, 0x02, 0x1d, 0xbe, 0xbb,
    0xb7, 0x72, 0x95, 0x3e, 0x82, 0x9e, 0xb7, 0xbd, 0x82, 0x73, 0x7b, 0xbe,
    0x30, 0x51, 0x70, 0xbe, 0x08, 0xd0, 0x31, 0xbe, 0x46, 0xef, 0x25, 0xbd,
    0x68, 0x47, 0x29, 0xbe, 0x01, 0xe7, 0x08, 0xbd, 0xbc, 0xfd, 0x00, 0x3f,
    0x30, 0xa9, 0x16, 0xbc, 0xad, 0x4c, 0x9b, 0xbd, 0x2b, 0x99, 0x23, 0xbd,
    0x08, 0xed, 0x44, 0xbe, 0xbf, 0x90, 0x37, 0xbe, 0x1a, 0xd7, 0x09, 0xbe,
    0x6c, 0xff, 0xf7, 0x3d, 0x45, 0x1d, 0x55, 0x3d, 0x80, 0x4f, 0xc5, 0xbd,
    0xf4, 0xbb, 0x2a, 0x3e, 0x24, 0x09, 0x1f, 0xbe, 0x64, 0x8f, 0x50, 0xbe,
    0x3e, 0x62, 0x28, 0xbd, 0xa3, 0xd8, 0x28, 0xbe, 0x28, 0xa7, 0x91, 0x3d,
    0xd7, 0x1f, 0x39, 0x3e, 0xa8, 0x20, 0xf2, 0xbd, 0xf9, 0x04, 0x51, 0xbe,
    0x3a, 0xf0, 0x83, 0x3d, 0xd0, 0x9b, 0xf4, 0xbd, 0x70, 0x33, 0xd5, 0x3e,
    0xf1, 0x44, 0x81, 0xbc, 0x05, 0xdd, 0x0d, 0xbd, 0xc1, 0xa5, 0xdb, 0xbd,
    0xc6, 0x4c, 0x48, 0xbe, 0xed, 0x6d, 0x8c, 0x3d, 0xf7, 0x18, 0x3d, 0x3e,
    0xce, 0x50, 0xde, 0x3e, 0x6d, 0x48, 0x00, 0x3f, 0x60, 0x9c, 0x0f, 0xbd,
    0x26, 0x71, 0x01, 0xbe, 0x48, 0x64, 0x85, 0x3e, 0x07, 0x0a, 0x14, 0x3e,
    0xba, 0xd2, 0xf8, 0x3b, 0xfb, 0x69, 0xb9, 0xbe, 0x01, 0x49, 0x08, 0xbf,
    0x8f, 0x2a, 0xa4, 0x3e, 0x54, 0x70, 0x2b, 0x3d, 0xf6, 0x3f, 0xc8, 0x3e,
    0xbd, 0x10, 0x06, 0x3e, 0x9f, 0xec, 0x3f, 0x3d, 0xa8, 0xe9, 0x4f, 0xbc,
    0x2f, 0x8a, 0xd9, 0xbe, 0x39, 0x1e, 0x0b, 0xbe, 0x90, 0x3f, 0x4f, 0x3c,
    0xf7, 0x69, 0x1a, 0x3e, 0xd5, 0xbf, 0x49, 0xbe, 0xd7, 0x5b, 0x7a, 0x3e,
    0x04, 0x1f, 0x04, 0xbf, 0x75, 0xa3, 0x17, 0x3e, 0xf8, 0xbc, 0xce, 0x3e,
    0x32, 0x12, 0x50, 0x3e, 0x63, 0x0b, 0x32, 0xbe, 0xc0, 0xc8, 0x7d, 0x3e,
    0x17, 0xf8, 0xfe, 0x3e, 0x39, 0x80, 0xbb, 0x3e, 0x6f, 0xa6, 0x96, 0x3c,
    0x3a, 0xc6, 0xbe, 0xbe, 0x10, 0xf4, 0xad, 0xbe, 0xc9, 0x66, 0x06, 0x3f,
    0x25, 0x39, 0x9e, 0x3e, 0x94, 0x50, 0xb7, 0x3e, 0x5d, 0x47, 0xdc, 0xbd,
    0xea, 0x63, 0x13, 0x3e, 0xcb, 0xbf, 0x43, 0xbe, 0xa0, 0xc5, 0xf2, 0x3e,
    0x1f, 0xf3, 0xe0, 0x3e, 0x6b, 0xc9, 0xc2, 0x3e, 0xdc, 0xb5, 0x48, 0xbc,
    0xc8, 0x5d, 0x11, 0x3f, 0xc0, 0xd7, 0xec, 0xbe, 0x29, 0x09, 0xb8, 0x3e,
    0xcd, 0x19, 0x3a, 0xbe, 0x85, 0x49, 0x7a, 0xbe, 0x60, 0xab, 0xcb, 0xbe,
    0x9e, 0xba, 0xc8, 0xbd, 0x1c, 0xc8, 0xe7, 0x3e, 0xeb, 0x76, 0xb3, 0xbe,
    0x54, 0xa5, 0x25, 0xbe, 0xc2, 0x04, 0xef, 0x3e, 0x17, 0x5a, 0x04, 0x3f,
    0x43, 0x72, 0x04, 0x3e, 0x19, 0xb1, 0x0b, 0xbe, 0x2a, 0xd8, 0xff, 0xff,
    0x04, 0x00, 0x00, 0x00, 0x00, 0x02, 0x00, 0x00, 0xcb, 0xad, 0xc1, 0x3e,
    0xd5, 0x03, 0xc6, 0xbe, 0xd2, 0xe3, 0x6a, 0xbc, 0x23, 0xee, 0x97, 0x3e,
    0x27, 0x08, 0x74, 0x3e, 0xbe, 0xc4, 0x05, 0xbf, 0x4a, 0x48, 0x30, 0x3d,
    0x53, 0xf7, 0x0f, 0x3e, 0xdd, 0x07, 0xdb, 0x3e, 0x09, 0x2b, 0xeb, 0x3e,
    0x36, 0x32, 0xba, 0x3e, 0x1d, 0xf6, 0x0c, 0xbb, 0x10, 0x04, 0xd2, 0x3e,
    0x75, 0x6c, 0x24, 0x3c, 0xce, 0x6e, 0xbb, 0xbe, 0x11, 0xa1, 0x0f, 0xbe,
    0xb4, 0xcf, 0xee, 0xbd, 0xf5, 0xfa, 0xc0, 0xbe, 0x8a, 0x03, 0x35, 0xbe,
    0x5b, 0xed, 0x20, 0x3d, 0x19, 0x8b, 0xd2, 0x3e, 0x27, 0xf5, 0xee, 0xbd,
    0xb2, 0x1a, 0xbc, 0xbc, 0x5e, 0xc7, 0x13, 0x3f, 0xcf, 0x97, 0xc5, 0xbe,
    0x83, 0x8b, 0x24, 0x3d, 0x04, 0x59, 0x7f, 0x3e, 0xa3, 0x50, 0x27, 0xbe,
    0x63, 0xbd, 0x77, 0xbe, 0x0f, 0x82, 0xc3, 0x3d, 0x66, 0x7e, 0x05, 0x3f,
    0xb6, 0x4e, 0xbb, 0x3c, 0x58, 0x22, 0x02, 0x3f, 0xbf, 0x4b, 0x7b, 0xbe,
    0x74, 0xe1, 0x0e, 0xbe, 0x99, 0x4b, 0x9b, 0x3e, 0x5b, 0xdd, 0x08, 0xbe,
    0x49, 0xe4, 0xe2, 0x3d, 0xba, 0xaa, 0x02, 0x3e, 0x4f, 0xb1, 0x6a, 0xbd,
    0x20, 0x65, 0x00, 0x3f, 0x86, 0xf5, 0x2b, 0x3e, 0xab, 0xe3, 0x04, 0x3e,
    0x22, 0x83, 0x61, 0xbe, 0x8e, 0x5d, 0x8f, 0xbd, 0x1e, 0x15, 0x53, 0xbe,
    0x4d, 0x8b, 0x01, 0x3e, 0xd5, 0xb0, 0xe5, 0x3d, 0x2e, 0x57, 0xa1, 0x3c,
    0x4b, 0x59, 0xda, 0x3e, 0x74, 0x23, 0x87, 0x3e, 0x6e, 0x9e, 0x4f, 0xbe,
    0x31, 0x88, 0x81, 0x3e, 0xfb, 0x8d, 0xfa, 0x3e, 0x3d, 0xec, 0x33, 0xbe,
    0x33, 0x56, 0xcf, 0x3e, 0x6f, 0x08, 0x8a, 0x3e, 0x92, 0xd9, 0xe9, 0xbd,
    0xc0, 0xdf, 0xa6, 0xbd, 0x40, 0x3f, 0x88, 0xbd, 0x66, 0x1c, 0x90, 0xbe,
    0x01, 0xc5, 0x9f, 0x3d, 0x9c, 0xd3, 0xfe, 0x3e, 0xa7, 0x2b, 0x0b, 0x3e,
    0xc7, 0xd8, 0x1b, 0x3f, 0x8a, 0xa1, 0x48, 0xbe, 0x52, 0x5e, 0xd1, 0x3d,
    0x33, 0xe3, 0x60, 0xbe, 0xc3, 0xa5, 0x29, 0xbe, 0x95, 0x63, 0x9b, 0x3e,
    0xf2, 0xae, 0xf8, 0xbd, 0xb9, 0x68, 0x3e, 0xbd, 0xf9, 0x46, 0x72, 0xbd,
    0xa1, 0xcc, 0xdd, 0x3e, 0x50, 0x52, 0xcf, 0x3e, 0xbb, 0x71, 0xf7, 0x3d,
    0x1e, 0x39, 0x94, 0xbe, 0x43, 0xbc, 0xc7, 0x3d, 0x7d, 0x02, 0x8f, 0x3d,
    0x96, 0x3b, 0x11, 0x3f, 0x02, 0xa0, 0x15, 0x3e, 0xaf, 0xc4, 0x57, 0x3e,
    0xcf, 0x0a, 0x77, 0x3d, 0xe4, 0x1b, 0x72, 0x3e, 0x4b, 0xc5, 0x7d, 0xbe,
    0xa7, 0x4d, 0x30, 0x3f, 0xfb, 0x86, 0xc3, 0x3e, 0x38, 0xf6, 0x8b, 0xbe,
    0x5b, 0xb9, 0xc8, 0xbe, 0x8e, 0x37, 0x8c, 0xbe, 0xf4, 0x42, 0x04, 0xbf,
    0x9a, 0x4d, 0x6c, 0x3d, 0x5c, 0xa9, 0xcf, 0x3e, 0x27, 0x08, 0xb4, 0x3d,
    0xde, 0xff, 0x1c, 0x3f, 0x6c, 0x1a, 0x3c, 0xbe, 0x8c, 0xae, 0x95, 0xbe,
    0x25, 0x70, 0xfd, 0x3e, 0x4e, 0xac, 0x8a, 0x3d, 0x35, 0x13, 0xbf, 0xbb,
    0xa2, 0xea, 0xf9, 0x3e, 0x78, 0x01, 0x73, 0xbd, 0x0c, 0xf2, 0x2e, 0x3b,
    0x4c, 0x10, 0x6a, 0x3e, 0x73, 0xf2, 0x4b, 0x3e, 0x11, 0xb3, 0x37, 0xbe,
    0x0f, 0x8c, 0xbb, 0x3d, 0xa4, 0x0c, 0x9a, 0x3d, 0x22, 0x13, 0x3e, 0x3e,
    0xdd, 0x7a, 0x06, 0x3e, 0xad, 0xb5, 0x86, 0x3d, 0x86, 0xc9, 0x14, 0xbd,
    0x40, 0x6d, 0x0b, 0xbf, 0xf0, 0x2a, 0x2a, 0xbf, 0xd7, 0x9e, 0xda, 0x3d,
    0x68, 0xd2, 0x33, 0x3e, 0x9b, 0xf4, 0xac, 0x3d, 0xb5, 0x01, 0x8e, 0x3e,
    0xaa, 0x40, 0xc6, 0x3e, 0x94, 0x6b, 0x00, 0x3e, 0xfb, 0x6c, 0x8f, 0x3d,
    0xc8, 0xe1, 0x73, 0x3d, 0x79, 0x2a, 0x31, 0x3f, 0x52, 0xa6, 0xb7, 0xbb,
    0x2c, 0xcd, 0x92, 0x3e, 0x0f, 0xd5, 0x5b, 0xbe, 0xe0, 0x1c, 0x10, 0xbc,
    0x5e, 0x85, 0xed, 0x3e, 0x36, 0xda, 0xff, 0xff, 0x04, 0x00, 0x00, 0x00,
    0x00, 0x08, 0x00, 0x00, 0x43, 0xfa, 0x0f, 0xbe, 0x0f, 0x65, 0xb0, 0x3e,
    0x84, 0x02, 0x72, 0xbf, 0x6f, 0x9d, 0xe5, 0xbd, 0x98, 0xaa, 0xe6, 0x3e,
    0x5d, 0xdd, 0x1e, 0x3d, 0x4d, 0x38, 0x9b, 0x3b, 0xf9, 0x2f, 0xc4, 0x3e,
    0xe0, 0xe1, 0x87, 0xbd, 0x05, 0xbf, 0x0d, 0x3e, 0xc3, 0x36, 0x97, 0x3e,
    0x55, 0x7a, 0x9b, 0x3e, 0xe6, 0x05, 0xf3, 0xbe, 0x46, 0x9c, 0x34, 0x3d,
    0xda, 0x2f, 0xb9, 0xbe, 0x4a, 0x7d, 0x00, 0xbe, 0x6c, 0x9c, 0x24, 0x3e,
    0x4c, 0x74, 0x88, 0xbd, 0x3a, 0x65, 0x02, 0xbe, 0xc0, 0x2a, 0x91, 0x3c,
    0x38, 0x3c, 0x7a, 0x3d, 0x48, 0x22, 0x1f, 0xbe, 0x14, 0xa3, 0x2c, 0xbe,
    0x98, 0xed, 0x77, 0xbe, 0xd8, 0x4a, 0x84, 0x3d, 0xc2, 0x2d, 0x25, 0xbe,
    0x20, 0x13, 0x9c, 0x3c, 0xa8, 0x06, 0x65, 0xbd, 0x5e, 0x63, 0x27, 0xbe,
    0xec, 0x60, 0xa3, 0xbd, 0xde, 0xc8, 0x44, 0xbe, 0x5c, 0x82, 0x07, 0xbe,
    0xc8, 0x82, 0x07, 0x3f, 0xab, 0xea, 0x10, 0xc0, 0xa9, 0xff, 0x2c, 0x3e,
    0x02, 0xee, 0xa6, 0x3e, 0x27, 0xa2, 0x0b, 0x3d, 0xb8, 0x42, 0xa3, 0xbc,
    0xb0, 0xa6, 0xc8, 0xbf, 0xeb, 0x22, 0xf6, 0x3e, 0xa8, 0x08, 0x2f, 0xbf,
    0xf8, 0x8c, 0x5e, 0x3e, 0xdf, 0x78, 0xad, 0xbe, 0xab, 0x6d, 0x3b, 0x3e,
    0xe2, 0x02, 0xfd, 0x3d, 0xbf, 0xb8, 0x35, 0xbf, 0x07, 0x1e, 0xb4, 0x3e,
    0x0b, 0x48, 0x46, 0xbf, 0x55, 0x8e, 0xc5, 0x3e, 0xaf, 0xb9, 0x15, 0xbf,
    0x52, 0xbe, 0xca, 0x3d, 0xee, 0xd2, 0x78, 0x3e, 0xf3, 0x34, 0x2b, 0xbc,
    0x09, 0xf2, 0x9f, 0x3e, 0xd2, 0x70, 0x8b, 0xbe, 0x40, 0x81, 0x57, 0x3e,
    0x54, 0x58, 0x58, 0xbe, 0x5f, 0x94, 0x33, 0x3e, 0x13, 0x01, 0xa2, 0x3e,
    0xbc, 0x8d, 0xec, 0x3e, 0x5b, 0x26, 0xae, 0x3d, 0x3b, 0xe6, 0x7a, 0xbd,
    0x8c, 0x60, 0x18, 0x3f, 0x50, 0x66, 0xff, 0xbc, 0xc0, 0x95, 0xf1, 0x3e,
    0xa2, 0x5a, 0xf3, 0x3b, 0xa1, 0xb2, 0x6c, 0xbf, 0xa9, 0x7f, 0xee, 0xbe,
    0xc8, 0x0e, 0xd2, 0x3e, 0x2b, 0x9e, 0x63, 0x3d, 0xd6, 0x5a, 0x64, 0xbf,
    0xb5, 0x15, 0xb9, 0x3d, 0x98, 0x0f, 0xc1, 0xbe, 0xf7, 0x35, 0x5b, 0xbf,
    0x10, 0xe2, 0xa4, 0xbc, 0xd1, 0xda, 0x5f, 0xbc, 0xc8, 0x3a, 0x8c, 0xbf,
    0xd3, 0x1a, 0x83, 0xbe, 0x83, 0x75, 0xc1, 0xbe, 0xff, 0xeb, 0x0d, 0xbf,
    0xc0, 0xff, 0x5e, 0x3d, 0x8c, 0xed, 0xde, 0x3e, 0xd2, 0x05, 0xd5, 0xbe,
    0x3f, 0x35, 0x07, 0xbe, 0x71, 0x3a, 0xb4, 0x3d, 0x77, 0x38, 0xac, 0x3e,
    0xed, 0x68, 0x07, 0x3e, 0x3e, 0x5f, 0x8e, 0xbe, 0x44, 0xef, 0x42, 0x3e,
    0x48, 0xa9, 0xaa, 0x3d, 0x2f, 0x17, 0x2b, 0xbe, 0x3c, 0xf3, 0xa5, 0xbf,
    0xba, 0x68, 0x87, 0xbe, 0xfe, 0xf5, 0xc5, 0xbd, 0xa0, 0xac, 0x06, 0xbf,
    0x92, 0x75, 0x3e, 0xbe, 0xfb, 0x32, 0x97, 0x3d, 0x92, 0xf8, 0xc9, 0x3d,
    0x7f, 0xce, 0xba, 0xbd, 0x08, 0x47, 0xd6, 0x3d, 0xe5, 0x90, 0x80, 0xbe,
    0xd7, 0x90, 0xb7, 0x3e, 0x57, 0xf3, 0x42, 0x3e, 0x5d, 0x66, 0xc0, 0xbe,
    0x6d, 0xd6, 0xf2, 0x3e, 0xfc, 0x5e, 0x6e, 0x3e, 0xab, 0x00, 0x25, 0x3e,
    0x4f, 0xf8, 0x84, 0xbe, 0x75, 0x2e, 0x71, 0x3b, 0x0c, 0x50, 0x6e, 0xbc,
    0xf6, 0x42, 0x9c, 0xbe, 0xa0, 0x3e, 0x3d, 0x3e, 0x43, 0x16, 0x80, 0xbe,
    0x04, 0x82, 0xa7, 0xbd, 0xc3, 0xa6, 0x4d, 0xbb, 0x7b, 0xa0, 0xdc, 0x3e,
    0x9f, 0x44, 0x8b, 0xbe, 0x27, 0xf0, 0xb0, 0x3e, 0xc6, 0x63, 0xcd, 0x3e,
    0x23, 0x11, 0x6b, 0x3d, 0x08, 0x8e, 0xab, 0x3e, 0x6b, 0xe9, 0x4f, 0x3e,
    0x3e, 0x6f, 0xa2, 0x3e, 0x46, 0xb4, 0xa3, 0x3d, 0x03, 0x33, 0xa5, 0x3e,
    0x5a, 0xc0, 0x40, 0x3e, 0x13, 0xd6, 0x3b, 0x3e, 0xb5, 0xfe, 0x22, 0x3d,
    0xb4, 0x35, 0xa5, 0xbf, 0x2a, 0x1a, 0x37, 0xbe, 0x26, 0xe2, 0x29, 0xbf,
    0x13, 0xfc, 0x96, 0x3e, 0x88, 0xa4, 0x8a, 0xbe, 0x7c, 0x1a, 0x1c, 0xbf,
    0xeb, 0xfe, 0xfa, 0x3e, 0x9d, 0xdf, 0x19, 0x3d, 0x4a, 0x14, 0xc2, 0xbd,
    0x09, 0x7b, 0xaa, 0x3e, 0xa7, 0x95, 0xae, 0x3d, 0x3a, 0x93, 0x49, 0x3e,
    0x31, 0xc1, 0x6f, 0xbf, 0x0c, 0x48, 0x69, 0xbe, 0xac, 0x23, 0x98, 0x3e,
    0x5d, 0x55, 0xb8, 0xbe, 0x40, 0x9d, 0x92, 0x3e, 0xf3, 0xfb, 0x84, 0x3e,
    0xc0, 0x00, 0x41, 0xbe, 0x86, 0xeb, 0x8f, 0xbe, 0xe6, 0x48, 0x93, 0x3e,
    0x1c, 0xa8, 0xe3, 0xbe, 0x98, 0x1e, 0xcc, 0x3d, 0x31, 0x52, 0x3d, 0x3e,
    0x72, 0x12, 0xc6, 0xbe, 0xfe, 0x3b, 0xa3, 0xbe, 0x82, 0x38, 0x83, 0xbf,
    0xe5, 0x04, 0xb1, 0x3d, 0xbe, 0x7c, 0x19, 0xba, 0x39, 0x25, 0x81, 0xbe,
    0xaf, 0x80, 0x87, 0xbd, 0x63, 0xc5, 0x42, 0xbe, 0xe8, 0x49, 0x0f, 0xbe,
    0x9a, 0x5b, 0x4f, 0xbf, 0xb5, 0xba, 0x1f, 0x3d, 0xe1, 0x8f, 0x3f, 0x3e,
    0xb3, 0xdd, 0x9f, 0x3e, 0xd6, 0xa7, 0x20, 0x3e, 0x4f, 0x41, 0x01, 0xbe,
    0xfc, 0x9f, 0x4d, 0x3e, 0x4d, 0x67, 0x01, 0x3d, 0xaa, 0xa7, 0x1b, 0xbe,
    0xbb, 0x41, 0xf8, 0x3e, 0xcd, 0xf5, 0x2e, 0x3e, 0x12, 0x63, 0x49, 0xbe,
    0x1d, 0xde, 0xaa, 0xbe, 0x9d, 0x77, 0xe0, 0x3c, 0x37, 0x73, 0x01, 0xbf,
    0x7c, 0x45, 0x31, 0x3e, 0xea, 0x6a, 0xf5, 0x3d, 0xec, 0xa4, 0x6a, 0xbe,
    0x57, 0x97, 0x4a, 0xbe, 0x84, 0x8f, 0x2e, 0xbe, 0x67, 0x84, 0x69, 0x3e,
    0x62, 0x37, 0x1d, 0xbd, 0x68, 0xa3, 0x11, 0xbe, 0x81, 0xb4, 0xd4, 0x3e,
    0x48, 0x92, 0xda, 0xbd, 0x80, 0x3a, 0x0d, 0xbf, 0x13, 0xd6, 0x7e, 0x3e,
    0x12, 0x39, 0x6b, 0xbd, 0xb1, 0xa9, 0x03, 0xbc, 0x96, 0x32, 0xaf, 0xbc,
    0x33, 0x78, 0x5a, 0x3e, 0x57, 0x8c, 0x85, 0xbe, 0xd7, 0x78, 0x21, 0x3c,
    0x65, 0x85, 0x25, 0xbe, 0x95, 0xe6, 0x52, 0xbf, 0xba, 0x42, 0xd1, 0x3d,
    0x6a, 0x84, 0x2d, 0xbf, 0x01, 0x1e, 0xe4, 0x3d, 0xdc, 0xb1, 0x32, 0xbd,
    0xc4, 0xba, 0xf2, 0xbe, 0x94, 0x0c, 0x16, 0x3f, 0x90, 0xec, 0x0b, 0xbe,
    0xb9, 0x8a, 0xd1, 0xbd, 0xb4, 0x2d, 0x9c, 0x3d, 0xaa, 0x9d, 0xd6, 0xbe,
    0x26, 0xe0, 0xaf, 0xbe, 0xc7, 0x84, 0x53, 0x3e, 0xc6, 0xc8, 0x0d, 0x3f,
    0xd8, 0x2e, 0xfb, 0xbc, 0xd2, 0xd9, 0xc6, 0x3e, 0xe2, 0x2a, 0x7f, 0x3d,
    0xc9, 0x48, 0x2d, 0x3d, 0x6f, 0x48, 0x30, 0xbe, 0x91, 0x1f, 0x7f, 0x3e,
    0x93, 0x3e, 0xf5, 0x3c, 0x4c, 0x37, 0x79, 0xbd, 0xee, 0x0b, 0x45, 0x3d,
    0x46, 0xfb, 0xbe, 0xbe, 0xda, 0x73, 0xac, 0x3e, 0xa7, 0x31, 0x52, 0xbe,
    0x99, 0x13, 0x15, 0x3d, 0x47, 0x55, 0xa3, 0x3e, 0xd5, 0xe5, 0x66, 0x3e,
    0xc0, 0x08, 0x32, 0xbd, 0x60, 0xde, 0x90, 0xbd, 0x1b, 0x29, 0x68, 0xbe,
    0xfc, 0x85, 0xbd, 0x3e, 0x8b, 0xda, 0x09, 0x3c, 0xb2, 0x41, 0xeb, 0xbc,
    0x48, 0xa9, 0xf9, 0x3e, 0xd0, 0x11, 0x7d, 0x3e, 0x8f, 0x4f, 0x5e, 0xbd,
    0xf0, 0x8d, 0xef, 0x3e, 0x1a, 0xd4, 0x94, 0x3e, 0x77, 0xd4, 0x0b, 0xbd,
    0xd5, 0x99, 0x4f, 0x3e, 0xcc, 0x23, 0xbc, 0x3c, 0x5e, 0xa3, 0xa7, 0x3e,
    0xb7, 0xd5, 0xf4, 0x3e, 0x42, 0x26, 0x8f, 0x3e, 0x81, 0x85, 0x56, 0x3e,
    0xfc, 0x3c, 0x60, 0xbf, 0x59, 0xbf, 0xf6, 0xbd, 0x4b, 0x6a, 0x8d, 0x3e,
    0x3e, 0x88, 0x32, 0x3e, 0xb0, 0xb6, 0x83, 0xbe, 0x96, 0x60, 0x1d, 0x3e,
    0xf2, 0xb5, 0xd5, 0x3c, 0x4f, 0x47, 0x87, 0xbd, 0x5b, 0x5f, 0xba, 0xbd,
    0x46, 0xe6, 0x25, 0xbf, 0x09, 0x88, 0xa5, 0xbe, 0xd7, 0xae, 0xd2, 0x3d,
    0xbb, 0x58, 0x86, 0xbd, 0x1d, 0xa7, 0xf7, 0xbe, 0x9f, 0xc0, 0x21, 0xbe,
    0x45, 0xc5, 0x26, 0x3e, 0xc1, 0xce, 0xe8, 0xbd, 0xc5, 0x02, 0xf5, 0xbd,
    0x11, 0x95, 0x8e, 0xbe, 0x8f, 0x02, 0x2d, 0xbc, 0x7b, 0x72, 0x5e, 0x3e,
    0xff, 0x61, 0x2c, 0xbe, 0xa6, 0x76, 0x7f, 0x3e, 0xd3, 0x8b, 0xa8, 0x3e,
    0x69, 0x87, 0xc3, 0x3e, 0xb2, 0x37, 0xda, 0xbe, 0xcb, 0x32, 0x4d, 0xbd,
    0x24, 0x59, 0xd4, 0x3d, 0x50, 0xb4, 0xba, 0xbe, 0xf9, 0xbe, 0x76, 0x3e,
    0x1f, 0xaf, 0xf0, 0x3b, 0x6c, 0x66, 0xb0, 0xbd, 0x87, 0xd1, 0x08, 0xbd,
    0x92, 0x95, 0x3f, 0x3e, 0xab, 0xc0, 0x08, 0x3e, 0x9a, 0xfa, 0x19, 0x3e,
    0x50, 0x80, 0xb9, 0xbd, 0xe7, 0x07, 0x26, 0x3e, 0xe2, 0x74, 0xbb, 0xbd,
    0xd8, 0xdd, 0x08, 0x3e, 0x89, 0x38, 0xa2, 0xbe, 0x74, 0x6b, 0x3b, 0x3e,
    0xe2, 0x1c, 0x71, 0xba, 0x2f, 0x67, 0x15, 0x3e, 0x60, 0x9a, 0x56, 0x3e,
    0x8b, 0x97, 0x47, 0x3e, 0x5b, 0xc3, 0x9d, 0x3e, 0xde, 0xcf, 0xf2, 0x3d,
    0x11, 0x23, 0x84, 0x3e, 0x3d, 0x64, 0x01, 0xbe, 0xe8, 0xc2, 0x6d, 0xbe,
    0x36, 0x35, 0x47, 0xbd, 0x2c, 0x92, 0xb2, 0x3c, 0x3b, 0xb6, 0xf2, 0xbd,
    0xa2, 0xf5, 0x89, 0x3e, 0x02, 0x52, 0x50, 0x3e, 0xd4, 0xa5, 0xba, 0xbe,
    0x0c, 0x6d, 0x84, 0xbe, 0xb9, 0xa1, 0x97, 0xbe, 0xb5, 0x43, 0x1a, 0x3e,
    0xce, 0x3b, 0x13, 0xbe, 0x6f, 0x60, 0x9d, 0x3c, 0x8c, 0x55, 0x9b, 0x3c,
    0x85, 0xdc, 0x1d, 0x3e, 0xf7, 0x43, 0x86, 0xbe, 0x22, 0x51, 0xfb, 0xbd,
    0x69, 0x82, 0x03, 0xbe, 0x00, 0xe8, 0xf5, 0x3e, 0x77, 0xe9, 0x08, 0xbe,
    0x21, 0x48, 0x16, 0x3e, 0xa0, 0x0e, 0x0e, 0x3f, 0x82, 0x23, 0x2b, 0xbe,
    0x73, 0xbc, 0xe2, 0x3d, 0x4e, 0x22, 0x6d, 0xbc, 0x3b, 0xee, 0xc3, 0x3d,
    0x9e, 0x87, 0xe2, 0x3e, 0x99, 0x39, 0x36, 0xbd, 0xb9, 0xeb, 0x2f, 0xbe,
    0xcc, 0x67, 0x95, 0xbf, 0xb9, 0xbd, 0x42, 0xbf, 0x94, 0xa7, 0xfd, 0xbd,
    0x2e, 0xce, 0xc3, 0x3e, 0xce, 0x9f, 0x23, 0xbf, 0x02, 0x22, 0xd9, 0xbe,
    0x87, 0xac, 0xf2, 0xba, 0x54, 0x89, 0x0a, 0xbe, 0x20, 0x97, 0x72, 0xbf,
    0xa5, 0x63, 0xfd, 0xbe, 0x8d, 0x59, 0x2e, 0x3e, 0x2a, 0xf8, 0xd5, 0x3e,
    0xd1, 0xb2, 0x14, 0x3e, 0x75, 0xc0, 0x56, 0xbe, 0x61, 0xf4, 0x91, 0x3e,
    0x2a, 0x6e, 0xa2, 0xbe, 0x53, 0xc4, 0xe7, 0xbe, 0x1a, 0xfd, 0xb0, 0x3b,
    0xca, 0xe1, 0xac, 0xbd, 0xd1, 0xd3, 0x0e, 0xbe, 0xca, 0x37, 0xf9, 0x3c,
    0x9c, 0x4e, 0x21, 0xbd, 0x37, 0x23, 0xe0, 0xbd, 0x97, 0x64, 0xce, 0xbd,
    0xda, 0x90, 0x0d, 0x3e, 0x0a, 0x02, 0xb3, 0xbd, 0x4a, 0xa9, 0x00, 0x3f,
    0xcd, 0xd2, 0x62, 0x3e, 0xbb, 0xbc, 0x76, 0x3d, 0x00, 0x81, 0x4a, 0x3e,
    0xf3, 0xc6, 0x8d, 0xbe, 0x48, 0xe4, 0xe0, 0x3d, 0xaa, 0x50, 0x23, 0xbe,
    0xca, 0x70, 0x02, 0x3e, 0x64, 0xdf, 0xf3, 0x3d, 0xd8, 0x4b, 0xd9, 0xbd,
    0xc0, 0x93, 0x0c, 0xbc, 0x72, 0xa8, 0x41, 0xbe, 0x26, 0x03, 0x60, 0xbe,
    0x00, 0xcc, 0x90, 0xb9, 0x48, 0x5a, 0x37, 0x3d, 0xf8, 0xe1, 0x5c, 0xbd,
    0xb4, 0x2e, 0x9e, 0x3d, 0xf0, 0xa1, 0x45, 0xbe, 0xfc, 0xb7, 0x0c, 0xbe,
    0xa8, 0xb0, 0x30, 0x3e, 0xce, 0x21, 0x79, 0xbe, 0x38, 0xca, 0x20, 0x3d,
    0xa8, 0x75, 0x0c, 0x3f, 0xc6, 0x65, 0x79, 0xbd, 0x2f, 0xca, 0xcb, 0x3e,
    0x84, 0x66, 0x0b, 0xbf, 0xb6, 0x72, 0x76, 0x3d, 0xe8, 0xe6, 0x37, 0xbf,
    0x18, 0x81, 0x9b, 0xbe, 0x92, 0x1f, 0x87, 0x3d, 0x11, 0xf7, 0x57, 0xbf,
    0xb0, 0xcc, 0xba, 0xbe, 0x5d, 0xcd, 0x00, 0xbf, 0x90, 0x0b, 0xce, 0x3e,
    0x2d, 0x0f, 0x27, 0x3e, 0x2f, 0xa7, 0x76, 0x3e, 0xd2, 0x3f, 0x88, 0x3e,
    0x1f, 0xc1, 0xb3, 0xbe, 0x92, 0x53, 0xda, 0xbe, 0xe2, 0x74, 0xe2, 0x3e,
    0xf6, 0x3e, 0x7a, 0x3d, 0x47, 0xbd, 0xf4, 0x3b, 0x66, 0xbc, 0x25, 0xbf,
    0xb7, 0x60, 0x15, 0xbf, 0xcc, 0x6e, 0x8b, 0x3e, 0x2f, 0x60, 0xf3, 0xbe,
    0x4a, 0x45, 0xd3, 0xbe, 0x66, 0x32, 0x89, 0xbe, 0xca, 0xc0, 0x7c, 0xbd,
    0x2a, 0x56, 0x2b, 0x3e, 0x89, 0x53, 0x0f, 0x3d, 0x0c, 0xf7, 0xf1, 0xbd,
    0x5c, 0x65, 0xfc, 0x3d, 0x74, 0xd9, 0xd0, 0xbc, 0x22, 0x83, 0x0a, 0xbd,
    0xd9, 0x76, 0xad, 0xbd, 0x8f, 0xe3, 0x6c, 0x3e, 0xb4, 0x7e, 0x08, 0x3e,
    0x12, 0x2b, 0x8e, 0xbe, 0x47, 0x65, 0x22, 0x3e, 0x4d, 0x78, 0xad, 0x3d,
    0xf4, 0xa9, 0x6c, 0xbe, 0x43, 0x39, 0x20, 0xbb, 0x60, 0x28, 0x76, 0xbe,
    0xc2, 0xbf, 0x03, 0x3e, 0x6e, 0x9e, 0xa5, 0x3e, 0x81, 0x54, 0x26, 0xbe,
    0xe6, 0x91, 0x9c, 0x3e, 0x53, 0x5e, 0xe3, 0x3d, 0x88, 0xd2, 0x07, 0x3e,
    0x32, 0xfe, 0xa9, 0xbd, 0x4d, 0x68, 0xc3, 0xbe, 0x9e, 0x07, 0x36, 0x3e,
    0xf4, 0x4b, 0x75, 0x3e, 0x1c, 0x35, 0x76, 0x3e, 0x33, 0x39, 0xca, 0x3d,
    0x26, 0x24, 0xf1, 0x3d, 0xa5, 0xa6, 0x69, 0x3e, 0xfb, 0x8c, 0x84, 0x3d,
    0xff, 0x65, 0x4c, 0xbe, 0x32, 0xd6, 0x9e, 0xbe, 0x35, 0x8b, 0x51, 0xbd,
    0x77, 0x1c, 0x59, 0xbc, 0x6f, 0x1a, 0x7c, 0x3e, 0x38, 0x45, 0xbe, 0xbe,
    0xa2, 0xd6, 0x09, 0x3e, 0xfc, 0x7d, 0x2b, 0xbd, 0x1a, 0xa8, 0x6b, 0x3c,
    0x61, 0x11, 0xcc, 0x3e, 0x4a, 0x8c, 0x98, 0xbe, 0x44, 0x45, 0x8f, 0x3e,
    0x3f, 0xd4, 0x45, 0x3e, 0xcd, 0x24, 0x58, 0xbe, 0x0d, 0x28, 0x63, 0x3e,
    0x69, 0x2e, 0x48, 0x3d, 0xbe, 0xa8, 0x24, 0x3e, 0x73, 0x00, 0x1f, 0xbd,
    0xde, 0x7d, 0x02, 0xbf, 0x8e, 0x60, 0x67, 0x3e, 0x1f, 0xba, 0x12, 0x3e,
    0x4f, 0x81, 0x86, 0xbe, 0xb2, 0xac, 0x58, 0xbe, 0x72, 0x64, 0x75, 0x3e,
    0x90, 0x5c, 0x33, 0x3d, 0xef, 0x16, 0xc5, 0xbd, 0xf0, 0x98, 0xd8, 0xbe,
    0x6b, 0x31, 0xe6, 0x3c, 0x7f, 0xbe, 0x9e, 0x3d, 0x60, 0xf4, 0x74, 0xbd,
    0x46, 0x54, 0xa4, 0x3e, 0x01, 0xd6, 0xf4, 0x3d, 0xef, 0x31, 0x00, 0x3d,
    0xb4, 0x7c, 0x0e, 0xbe, 0xec, 0x2f, 0x6c, 0xbe, 0x7b, 0xbc, 0xbc, 0xbe,
    0x0e, 0x59, 0xb2, 0x3d, 0x44, 0xc3, 0x65, 0x3e, 0x44, 0x52, 0x13, 0x3d,
    0x75, 0x69, 0xb0, 0xbc, 0x5e, 0xcd, 0x17, 0x3e, 0xa1, 0x10, 0xec, 0xbe,
    0x2f, 0x4a, 0x89, 0x3e, 0x39, 0xbc, 0x92, 0x3d, 0xcd, 0xea, 0xa3, 0x3e,
    0x08, 0x1e, 0x81, 0xbe, 0x09, 0x34, 0x18, 0xbe, 0xbf, 0xa7, 0x8c, 0x3e,
    0xa7, 0x9d, 0x41, 0x3d, 0xd3, 0x6a, 0x76, 0xbc, 0xc3, 0x74, 0xf6, 0x3e,
    0x3c, 0x7d, 0xc2, 0xbe, 0x99, 0xf9, 0x89, 0xbd, 0x81, 0xed, 0xb0, 0xbe,
    0x7e, 0xbc, 0x6b, 0xbd, 0xbe, 0x4a, 0xa2, 0x3d, 0x82, 0x5f, 0x63, 0x3e,
    0x5b, 0x9a, 0x6a, 0x3e, 0x6c, 0xfb, 0xeb, 0xbc, 0x0b, 0x46, 0x09, 0xbf,
    0x1e, 0xdb, 0x2b, 0x3e, 0xed, 0x2b, 0x2e, 0x3e, 0x46, 0xf0, 0x08, 0xbf,
    0x7b, 0xdc, 0xaf, 0xbd, 0x4d, 0xf3, 0xf1, 0x3a, 0x39, 0xaa, 0x87, 0xbe,
    0x9c, 0x64, 0x82, 0xbd, 0xfa, 0xc2, 0xe7, 0x3e, 0x4f, 0x98, 0x7a, 0x3d,
    0x54, 0x11, 0xf7, 0xbd, 0xbe, 0xa3, 0x36, 0x3e, 0x8c, 0x2c, 0x8a, 0xbc,
    0x17, 0xa4, 0x0f, 0x3e, 0xa0, 0x78, 0x3c, 0xbc, 0xce, 0x21, 0x24, 0x3e,
    0x0e, 0x88, 0x0a, 0x3e, 0x7e, 0xdf, 0x42, 0xbe, 0x05, 0xe5, 0x59, 0xbd,
    0x5e, 0x80, 0x36, 0xbe, 0xf4, 0x94, 0x30, 0x3d, 0x8d, 0xab, 0x0c, 0xbe,
    0x3c, 0xf7, 0x4d, 0x3c, 0x2d, 0x11, 0x53, 0xbc, 0x1e, 0x0e, 0x28, 0xbe,
    0x6a, 0x1e, 0x6b, 0xbe, 0xa4, 0x0a, 0x7a, 0xbe, 0xdd, 0x8a, 0x47, 0xbe,
    0x42, 0xe2, 0xff, 0xff, 0x04, 0x00, 0x00, 0x00, 0x00, 0x1c, 0x00, 0x00,
    0x4d, 0x14, 0x52, 0x3e, 0xc9, 0xad, 0x08, 0xbe, 0xc9, 0xb2, 0xb2, 0x3d,
    0x29, 0x4e, 0xde, 0x3d, 0x38, 0xef, 0x0b, 0xbf, 0xbe, 0x8f, 0x88, 0xbe,
    0x74, 0xb0, 0x12, 0x3e, 0x20, 0x03, 0x95, 0x3c, 0x10, 0x59, 0xc6, 0x3d,
    0x04, 0xf2, 0x78, 0x3c, 0x84, 0x9e, 0xd3, 0xbe, 0xed, 0x71, 0xf0, 0x3d,
    0xa6, 0xf8, 0x87, 0x3e, 0x02, 0x66, 0x54, 0xbd, 0x82, 0xd7, 0xa9, 0xbd,
    0xf1, 0xd4, 0x6c, 0xbe, 0x07, 0xdc, 0x9d, 0xbe, 0xd4, 0x39, 0xa8, 0x3d,
    0xe3, 0x57, 0x63, 0xbe, 0x52, 0x70, 0x41, 0x3e, 0xac, 0xe2, 0x99, 0x3b,
    0x99, 0x69, 0xa3, 0xbc, 0xe7, 0x78, 0x15, 0x3e, 0x5f, 0x24, 0x12, 0xbe,
    0xb6, 0xe2, 0x2c, 0xbe, 0xf9, 0xef, 0x84, 0x3e, 0xab, 0xc9, 0x4f, 0x3d,
    0x54, 0x11, 0xbd, 0x3d, 0xfe, 0x8d, 0x27, 0xbe, 0x37, 0xfc, 0x97, 0x3e,
    0x1c, 0xe4, 0x27, 0x3e, 0x3e, 0x5d, 0x18, 0x3e, 0xce, 0xac, 0x3f, 0x3e,
    0xe2, 0xfd, 0xaf, 0xbd, 0xfd, 0x79, 0xbb, 0x3d, 0x2d, 0x65, 0x71, 0x3e,
    0xbe, 0x5c, 0x08, 0xbf, 0x9b, 0xd4, 0xbb, 0xbe, 0x55, 0x35, 0x97, 0x3d,
    0xf0, 0x2a, 0x7e, 0x3d, 0x65, 0xde, 0x48, 0x3d, 0xff, 0x1e, 0xc2, 0x3d,
    0xfc, 0x5b, 0xe8, 0xbe, 0x28, 0x28, 0x9c, 0x3e, 0xb5, 0xaf, 0x84, 0x3e,
    0xca, 0xc8, 0xcc, 0x3c, 0xbf, 0xf3, 0xae, 0xbd, 0x07, 0x71, 0x61, 0xbe,
    0xbe, 0xc4, 0x83, 0xbe, 0xbc, 0xa6, 0x4b, 0xbe, 0xbe, 0x10, 0x8d, 0xbe,
    0x11, 0x49, 0x1c, 0x3e, 0x4c, 0x62, 0x42, 0xbd, 0x1a, 0xeb, 0x93, 0x3c,
    0x8c, 0x3c, 0x21, 0xbd, 0xf2, 0x7c, 0x58, 0xbe, 0x3b, 0x75, 0x33, 0xbe,
    0xa7, 0x36, 0x4a, 0x3e, 0xa8, 0x48, 0xa6, 0xbd, 0xbc, 0x89, 0xfc, 0x3d,
    0xe7, 0x14, 0xc1, 0xbc, 0x96, 0x09, 0x9a, 0x3e, 0x52, 0x0f, 0x17, 0x3e,
    0xa6, 0xca, 0xc3, 0xbd, 0xf5, 0x76, 0xaf, 0xbc, 0x28, 0xc9, 0x19, 0xbd,
    0xe4, 0x68, 0xe0, 0xbc, 0x21, 0x22, 0x1f, 0x3d, 0xb7, 0x5b, 0x43, 0xbb,
    0xe7, 0xa5, 0xc9, 0x3c, 0xc8, 0x38, 0xbb, 0xbd, 0xcf, 0x52, 0x33, 0x3b,
    0x71, 0xa9, 0x54, 0xbc, 0x42, 0x5b, 0x53, 0x3a, 0x0b, 0x5c, 0xcb, 0xbb,
    0xb1, 0x4e, 0xcc, 0x3c, 0xef, 0xf5, 0xee, 0xbc, 0x73, 0x13, 0x74, 0x3d,
    0x39, 0xaf, 0xb7, 0x3c, 0xa7, 0x9f, 0x26, 0x3d, 0x8b, 0xaf, 0xa2, 0x3d,
    0x5b, 0x9a, 0xfe, 0xbd, 0x51, 0xd2, 0x98, 0x3c, 0x2c, 0x58, 0x09, 0xbb,
    0xeb, 0xd1, 0x67, 0xbc, 0x05, 0x10, 0xbb, 0xbb, 0xbb, 0x2a, 0x2d, 0x3e,
    0xa0, 0xd1, 0xf5, 0xbc, 0x68, 0x38, 0x9d, 0x3c, 0x92, 0x35, 0x0f, 0x3c,
    0x9d, 0x8f, 0x8c, 0x3d, 0x34, 0x46, 0x04, 0xbd, 0xac, 0x4d, 0xc3, 0xbc,
    0xfb, 0x66, 0x88, 0xbc, 0xad, 0x7c, 0x51, 0xbd, 0x7f, 0x7b, 0x8e, 0x3d,
    0x60, 0x77, 0x3f, 0xbb, 0xec, 0xe0, 0x24, 0xbd, 0x7f, 0xe4, 0x39, 0x3b,
    0xef, 0xb5, 0x00, 0xb9, 0xf3, 0x24, 0x7f, 0x3c, 0x17, 0xe6, 0xee, 0x3c,
    0xdb, 0xcf, 0x55, 0xbd, 0xe9, 0x9c, 0x84, 0x3d, 0x79, 0x5c, 0x9c, 0xba,
    0x49, 0x44, 0x08, 0xbd, 0xa7, 0x48, 0x39, 0x3b, 0x13, 0xbb, 0x00, 0x3d,
    0x57, 0x15, 0x19, 0x3d, 0x5f, 0x2d, 0x03, 0xbc, 0x49, 0xd2, 0x70, 0xbd,
    0xe4, 0xd3, 0x40, 0x3a, 0x26, 0xc0, 0x51, 0x3d, 0x92, 0x73, 0x2a, 0x3d,
    0x78, 0x66, 0x05, 0xbd, 0x01, 0x7d, 0x28, 0xbd, 0x53, 0xfd, 0x5f, 0xbd,
    0x74, 0xab, 0xda, 0x3c, 0x00, 0x96, 0x1a, 0xbc, 0xfa, 0xa7, 0x73, 0x3b,
    0x08, 0x74, 0x86, 0xbd, 0x8f, 0x3f, 0x94, 0x3d, 0xda, 0x36, 0xee, 0x3b,
    0x8e, 0xa0, 0xb0, 0x3b, 0x90, 0x99, 0x6b, 0x3d, 0xf2, 0xb7, 0x0c, 0xbd,
    0xa5, 0x82, 0x32, 0x3c, 0xbd, 0x39, 0xc2, 0xbd, 0x08, 0x99, 0x11, 0xbc,
    0xe0, 0x77, 0x35, 0xbc, 0x6c, 0x7a, 0x3a, 0xbd, 0xd6, 0x08, 0x18, 0x3c,
    0xa5, 0x63, 0x68, 0xbd, 0xf3, 0xaf, 0x1d, 0xbd, 0xdc, 0x2f, 0xaf, 0x3d,
    0x73, 0x07, 0x94, 0xbd, 0x23, 0xd6, 0x52, 0x3d, 0x14, 0xfb, 0xbe, 0xbb,
    0x5c, 0x89, 0xd0, 0x3c, 0x7f, 0x08, 0x50, 0xbb, 0xfc, 0xe8, 0x86, 0xbd,
    0x49, 0x49, 0xe2, 0xbb, 0xdf, 0x47, 0x9f, 0xba, 0x37, 0xaa, 0x13, 0x3d,
    0xe0, 0xcf, 0x8f, 0x3d, 0x06, 0x32, 0xd2, 0x3c, 0x3f, 0x10, 0x6d, 0xbd,
    0x00, 0x00, 0xde, 0x3c, 0x98, 0x9c, 0xef, 0x3c, 0x52, 0xcc, 0x5c, 0xbd,
    0x71, 0xd2, 0xc8, 0xbd, 0xa9, 0xc8, 0x2e, 0xba, 0x6f, 0x7d, 0xa2, 0x3d,
    0x8c, 0x93, 0x6c, 0x3d, 0xfc, 0xab, 0x0b, 0x3e, 0x91, 0xd1, 0x6c, 0xbd,
    0xdb, 0x1a, 0x83, 0xbd, 0x1e, 0x03, 0x51, 0xbc, 0x92, 0x4e, 0x0d, 0xbd,
    0x53, 0x34, 0x9f, 0x3d, 0x00, 0xf2, 0x81, 0xbc, 0xe6, 0xd2, 0xed, 0xbd,
    0x2d, 0x6e, 0x8a, 0xbc, 0x66, 0xbc, 0x30, 0xbc, 0x15, 0x92, 0x87, 0x3c,
    0x54, 0x0f, 0xf3, 0xbc, 0x03, 0x5c, 0x24, 0x3d, 0x5d, 0x1b, 0x26, 0xbe,
    0x90, 0x16, 0x23, 0x3c, 0x4d, 0xd9, 0xd9, 0x3c, 0x61, 0x73, 0xd7, 0x3c,
    0x4e, 0x91, 0x03, 0xbb, 0x16, 0x13, 0x8c, 0xbd, 0x39, 0xb6, 0x43, 0xbc,
    0xd9, 0xe1, 0xd7, 0x3d, 0xb2, 0xaf, 0xd1, 0xbc, 0x78, 0x03, 0x5f, 0xba,
    0xa9, 0x4d, 0xcc, 0x3c, 0xe6, 0xc7, 0x1c, 0x3c, 0x6b, 0x7d, 0x6a, 0x3d,
    0x45, 0xf4, 0x91, 0x3d, 0x1b, 0xa1, 0x2e, 0xbc, 0xdf, 0x85, 0x13, 0x3e,
    0x9c, 0x24, 0x22, 0x3c, 0x30, 0xc9, 0xc8, 0x3d, 0xae, 0x58, 0x04, 0xbd,
    0x20, 0xdd, 0x44, 0xbd, 0x7f, 0xb5, 0x5a, 0x3d, 0x6b, 0x20, 0xe2, 0xbd,
    0xd0, 0x61, 0x81, 0x3d, 0x75, 0xe3, 0xad, 0xbc, 0x76, 0x6a, 0x92, 0xbd,
    0x3f, 0x59, 0xe0, 0x3c, 0x6a, 0x7c, 0x9b, 0x3d, 0xd2, 0x38, 0xcc, 0x3b,
    0xb1, 0x6e, 0x17, 0xbd, 0x5d, 0x01, 0x69, 0xbc, 0x76, 0x9f, 0xe2, 0xbc,
    0xc9, 0x61, 0xa0, 0x3d, 0x41, 0x37, 0x27, 0xbb, 0xf7, 0xa9, 0x45, 0x3c,
    0x08, 0x61, 0x93, 0xba, 0x70, 0xe7, 0x88, 0x3c, 0xbe, 0x2f, 0xb6, 0xbd,
    0x26, 0xe5, 0x18, 0x3d, 0x03, 0xfd, 0xd4, 0x3b, 0xc0, 0x0d, 0x6a, 0x3c,
    0x53, 0xb3, 0xe9, 0xbc, 0x7d, 0x50, 0xdf, 0xbd, 0x0c, 0x17, 0x9c, 0xbc,
    0x26, 0x07, 0x1d, 0x3d, 0x09, 0xe2, 0x9b, 0x3d, 0x94, 0x85, 0x13, 0x3d,
    0xeb, 0xed, 0x9a, 0xbd, 0xc0, 0xb3, 0x8a, 0xbc, 0x9a, 0xef, 0xb5, 0x3c,
    0x3d, 0x87, 0x23, 0xbc, 0x13, 0x40, 0x2e, 0x39, 0xbe, 0x9f, 0x45, 0xbd,
    0x57, 0x7b, 0xeb, 0xbc, 0x0a, 0x98, 0x28, 0xbd, 0xe9, 0x1d, 0xbd, 0xbb,
    0xd1, 0x01, 0x1a, 0x3c, 0x7f, 0x45, 0x07, 0x3e, 0x42, 0x5f, 0xb1, 0xbc,
    0xfa, 0x8d, 0xbb, 0xbd, 0xbf, 0x2e, 0xff, 0xbc, 0x12, 0xa1, 0x64, 0x3d,
    0x1b, 0xb8, 0xa9, 0xbc, 0x03, 0xaf, 0x15, 0xba, 0x9b, 0xa5, 0x09, 0x3d,
    0xf1, 0x69, 0x8f, 0xbc, 0x29, 0xef, 0x81, 0x3c, 0x1c, 0xe9, 0xa1, 0x3c,
    0x6d, 0x6e, 0x9d, 0xbc, 0xbe, 0x3a, 0x0a, 0x3d, 0xa4, 0x6b, 0x09, 0xbd,
    0xc4, 0x70, 0x2c, 0xbd, 0xbd, 0xc2, 0xfe, 0xba, 0x8b, 0x5f, 0xa8, 0x3c,
    0x1f, 0x63, 0x52, 0x3d, 0x96, 0x36, 0xea, 0xbc, 0x3e, 0x85, 0x6f, 0xbc,
    0x99, 0x08, 0x45, 0xbd, 0x84, 0x29, 0x29, 0xbc, 0xf0, 0x50, 0x84, 0xbb,
    0x1a, 0xcd, 0x94, 0x3d, 0xd1, 0x74, 0x1e, 0x3c, 0xc2, 0xa8, 0xdf, 0x3c,
    0x8d, 0x3e, 0x74, 0x3d, 0xd6, 0xb8, 0xdc, 0x3d, 0x72, 0xe6, 0x36, 0xbd,
    0x2e, 0x83, 0x78, 0x3d, 0x89, 0xad, 0x60, 0x3c, 0xaf, 0xec, 0x03, 0xbc,
    0xbc, 0x43, 0x0b, 0xbe, 0xc2, 0x13, 0x45, 0x3d, 0xb4, 0x65, 0x04, 0x3d,
    0xbc, 0xc5, 0x18, 0x3d, 0xb8, 0x8c, 0xfd, 0xbb, 0x2e, 0x72, 0xdb, 0x3b,
    0x52, 0xc9, 0x99, 0x3b, 0xc9, 0x00, 0x97, 0xbd, 0x22, 0x92, 0xa5, 0x3d,
    0x86, 0x85, 0xde, 0xbc, 0xd1, 0x87, 0xf2, 0x3b, 0x05, 0x1e, 0x3d, 0xbd,
    0x2f, 0xfe, 0x8a, 0x3c, 0xae, 0x71, 0x59, 0x3d, 0x24, 0x8e, 0x93, 0x3b,
    0x1d, 0xf4, 0x3b, 0x3c, 0x4c, 0x21, 0xd7, 0xbc, 0xca, 0x22, 0x88, 0xbd,
    0xb5, 0xf9, 0x11, 0xbe, 0xe6, 0x48, 0xdc, 0x3d, 0x5d, 0xff, 0xaf, 0x3b,
    0xe7, 0x63, 0xa3, 0x3c, 0xe7, 0x0e, 0x60, 0xbd, 0xbf, 0x3e, 0xfa, 0xbd,
    0xf4, 0x50, 0xcd, 0x3c, 0x99, 0xbe, 0x34, 0xbd, 0xfc, 0x5d, 0x20, 0xbd,
    0x5b, 0x97, 0xe1, 0x3c, 0x50, 0x7a, 0x8f, 0xbc, 0x3a, 0xc2, 0x93, 0xbb,
    0xa7, 0x0d, 0x78, 0xbc, 0xc5, 0x29, 0x80, 0xbb, 0x7b, 0xaf, 0xd7, 0x3d,
    0x3c, 0x20, 0xf0, 0xbb, 0x16, 0xb0, 0x13, 0xbe, 0x39, 0x5c, 0xed, 0xbb,
    0x82, 0xc5, 0x68, 0x3d, 0x21, 0x16, 0x26, 0xbc, 0x2f, 0xea, 0x90, 0x3a,
    0x37, 0x47, 0x3f, 0x3d, 0x82, 0x73, 0xa1, 0x3d, 0xbf, 0x4c, 0x96, 0xbc,
    0x56, 0x46, 0x0c, 0x3d, 0x92, 0xef, 0xfa, 0xbc, 0x06, 0xa7, 0x39, 0x3d,
    0x96, 0x87, 0x76, 0x3c, 0x44, 0x58, 0x88, 0x3c, 0x7f, 0x0e, 0x91, 0xbd,
    0x37, 0x73, 0x89, 0x3d, 0x4d, 0x22, 0x85, 0xb9, 0x1a, 0xe6, 0x73, 0xbb,
    0xa3, 0x8b, 0x80, 0xbd, 0xfa, 0x7e, 0xaf, 0xbd, 0x21, 0x2c, 0x57, 0xbd,
    0x6e, 0xd7, 0x8a, 0x3d, 0xca, 0x9a, 0xea, 0x3d, 0x23, 0x6e, 0x43, 0xbd,
    0xd2, 0xf9, 0x6d, 0x3a, 0x58, 0x83, 0x09, 0xbd, 0x82, 0x32, 0x26, 0x3d,
    0x5d, 0x54, 0xc3, 0xbc, 0x2e, 0xe4, 0xa4, 0x3d, 0xca, 0x06, 0x24, 0xbd,
    0xc2, 0x26, 0x8f, 0xba, 0xd0, 0xd0, 0x27, 0xbe, 0x67, 0xa5, 0x68, 0x3d,
    0xfe, 0xd3, 0x76, 0xbd, 0x7a, 0x27, 0xf8, 0x3c, 0x6c, 0x1c, 0x88, 0xbd,
    0x42, 0x37, 0x27, 0x3c, 0x0f, 0x8f, 0x2a, 0x3c, 0x7d, 0x0b, 0x56, 0xbd,
    0x94, 0xec, 0xf8, 0x3d, 0x2b, 0x9a, 0xb4, 0x3b, 0x17, 0xb0, 0x2a, 0xbd,
    0x54, 0x71, 0xa8, 0x3b, 0xdd, 0x98, 0x75, 0xbc, 0x8b, 0x5b, 0x84, 0x3d,
    0x13, 0xe1, 0x3d, 0xbc, 0xc6, 0x1a, 0xf3, 0xbd, 0x64, 0x90, 0xef, 0xbc,
    0xb8, 0x1c, 0xf6, 0x3b, 0x38, 0x1c, 0x31, 0x3e, 0x88, 0xee, 0x93, 0x3c,
    0xab, 0xcf, 0x53, 0xbc, 0xc6, 0xad, 0xaa, 0xbc, 0x7f, 0xd6, 0x0c, 0x3c,
    0x6e, 0x03, 0xa1, 0xbd, 0x25, 0x00, 0x27, 0x3c, 0x94, 0x80, 0x91, 0xbd,
    0x4e, 0xb4, 0xf4, 0xbc, 0xdf, 0x42, 0x98, 0xbd, 0xbf, 0xa0, 0x01, 0x3d,
    0x57, 0x7d, 0x06, 0x3c, 0xce, 0x2f, 0x6a, 0xbd, 0x8e, 0x06, 0x28, 0x3d,
    0xaa, 0xbc, 0xcf, 0x3b, 0x19, 0x7f, 0xd5, 0x3b, 0xc6, 0xca, 0x54, 0xbd,
    0x03, 0xbb, 0x23, 0x3c, 0x15, 0x0f, 0xe3, 0x3b, 0x42, 0xfd, 0x1f, 0x3d,
    0xd3, 0x0a, 0x24, 0x3b, 0xea, 0xb5, 0xa5, 0x3d, 0x6c, 0x11, 0x53, 0xbb,
    0xd9, 0x11, 0x61, 0xbd, 0x8a, 0x38, 0x39, 0x3d, 0x96, 0xa9, 0x83, 0xbc,
    0x7f, 0x2e, 0x46, 0xbc, 0xe4, 0x51, 0x91, 0x3d, 0x11, 0xf9, 0x12, 0x3d,
    0x28, 0x87, 0x40, 0x3d, 0x48, 0xcf, 0xc8, 0x3c, 0x81, 0x81, 0x1d, 0xbe,
    0xe4, 0x61, 0x1c, 0xbd, 0x6d, 0xc0, 0x2f, 0xbc, 0x7d, 0x20, 0x64, 0x3c,
    0x4c, 0xa7, 0x0d, 0xbb, 0xa1, 0x50, 0xd0, 0x3c, 0x2a, 0xcb, 0xb0, 0x3d,
    0x1f, 0xb6, 0x0f, 0xbd, 0xa0, 0x8d, 0x3a, 0xbb, 0x74, 0x70, 0x3a, 0xbc,
    0x01, 0x46, 0x99, 0xbd, 0xed, 0x7e, 0xbe, 0x3c, 0xb9, 0xa1, 0x86, 0xbd,
    0x87, 0x25, 0x4c, 0xbc, 0xc7, 0x88, 0xc1, 0xbc, 0xb8, 0x7e, 0xdf, 0xbd,
    0xc6, 0xf6, 0x1b, 0x3d, 0x56, 0xe2, 0xcc, 0x3d, 0x19, 0x21, 0x27, 0x3d,
    0x2d, 0xc5, 0x8c, 0xbd, 0xa5, 0x13, 0x26, 0xbc, 0xdb, 0x65, 0x32, 0xbc,
    0x45, 0x46, 0x13, 0xbd, 0xe1, 0x54, 0xce, 0x3d, 0xaa, 0xd0, 0x12, 0x3c,
    0x8b, 0x2b, 0x75, 0xbd, 0x9d, 0x2e, 0x98, 0x3c, 0xdf, 0x70, 0xc1, 0xbd,
    0x66, 0x39, 0x8d, 0x3d, 0xf4, 0xcd, 0xb9, 0xba, 0x1e, 0x04, 0xa7, 0xbc,
    0x89, 0x5a, 0x9e, 0xbd, 0xce, 0x62, 0xc9, 0xbd, 0x13, 0xf8, 0x8f, 0xbd,
    0xec, 0x70, 0xa0, 0x3d, 0xea, 0xd1, 0xa1, 0x3d, 0x3c, 0x85, 0x3c, 0x3c,
    0x9d, 0x59, 0xe7, 0xbd, 0x42, 0xf2, 0xcc, 0x3d, 0x7b, 0x58, 0x86, 0x3d,
    0x93, 0x75, 0xf6, 0xbd, 0x05, 0xbe, 0xf0, 0xbb, 0x87, 0xbe, 0xa2, 0xbd,
    0xdc, 0xe5, 0x2e, 0xbd, 0x14, 0xd5, 0x6e, 0x3d, 0xaa, 0x81, 0x86, 0xbc,
    0xba, 0x87, 0x5c, 0x3d, 0x5c, 0x2e, 0x38, 0xbe, 0xd2, 0x2a, 0x38, 0xbc,
    0x66, 0x4c, 0x9a, 0x3d, 0x10, 0xeb, 0x30, 0xbc, 0x00, 0x83, 0x45, 0xba,
    0xdd, 0x8c, 0x1f, 0x3d, 0x61, 0x64, 0xa5, 0x3c, 0x07, 0xec, 0xe8, 0xbc,
    0xbd, 0x14, 0xa8, 0xbd, 0x2a, 0x66, 0x29, 0xbc, 0x71, 0xf3, 0x7f, 0x3c,
    0x64, 0x5e, 0x5e, 0x3b, 0x15, 0xa4, 0x93, 0x3c, 0x63, 0xd1, 0x37, 0xbc,
    0xf0, 0xd9, 0x24, 0xbd, 0x56, 0xed, 0x6a, 0x3d, 0xde, 0xf2, 0xdb, 0xbc,
    0xdf, 0xae, 0xe5, 0x3c, 0x01, 0xd3, 0x85, 0x3d, 0xc7, 0xc6, 0xfc, 0x3c,
    0x8d, 0x7d, 0xb3, 0x3b, 0x67, 0x4b, 0x47, 0x3c, 0xfc, 0xac, 0x22, 0x3c,
    0xe8, 0x3c, 0x02, 0xbd, 0x5d, 0x26, 0x39, 0x3c, 0x4c, 0x4a, 0xf1, 0x3c,
    0xcb, 0xf7, 0x86, 0x3d, 0xb8, 0x21, 0x16, 0xbd, 0xda, 0xde, 0x56, 0x3d,
    0xe7, 0x44, 0x57, 0xbd, 0xb8, 0x67, 0x13, 0x3d, 0xb0, 0xcc, 0x81, 0xbc,
    0x37, 0x97, 0x53, 0x3d, 0xe6, 0xc7, 0x45, 0xbd, 0x88, 0xc8, 0x2d, 0x3d,
    0xc0, 0xc3, 0x83, 0xbc, 0x16, 0x5e, 0xf0, 0x3c, 0x0b, 0xec, 0xbc, 0xbc,
    0x3a, 0xbe, 0x01, 0xbc, 0xa6, 0xdb, 0x8a, 0x3d, 0x2a, 0x86, 0xf9, 0xbd,
    0x1d, 0x59, 0x9c, 0x3c, 0x3d, 0xd2, 0x22, 0x3d, 0xbe, 0xa2, 0x91, 0x3c,
    0xaf, 0xce, 0x67, 0xba, 0xae, 0x36, 0x84, 0xbd, 0x38, 0xbc, 0x29, 0x3c,
    0xc5, 0xfe, 0xcb, 0x3c, 0xd3, 0xa5, 0x62, 0x3d, 0xc1, 0x06, 0x75, 0x3d,
    0xa0, 0xf6, 0x9e, 0x3d, 0xcb, 0x40, 0xb0, 0xbd, 0x59, 0xfe, 0xc0, 0xbb,
    0xe9, 0xe9, 0x9a, 0xbb, 0x4d, 0x31, 0xcf, 0x3d, 0x84, 0x4a, 0x8c, 0xbd,
    0x57, 0x85, 0x4d, 0xbd, 0x54, 0xb6, 0xb7, 0x3d, 0xba, 0x8e, 0x01, 0xbb,
    0x87, 0x18, 0x32, 0x3c, 0xa6, 0xf1, 0xa6, 0x3c, 0x9c, 0xf4, 0xa5, 0xbc,
    0xb6, 0xda, 0x8e, 0x3c, 0xf0, 0x05, 0x2b, 0xbc, 0x3c, 0x8a, 0xb1, 0x3b,
    0xe1, 0x1c, 0x2f, 0xbd, 0x29, 0x5f, 0x1f, 0xbe, 0x96, 0x2f, 0x9a, 0xbb,
    0xf7, 0x3c, 0x29, 0x3d, 0x6b, 0x40, 0x7b, 0x3c, 0x16, 0xee, 0x6b, 0x3d,
    0x1f, 0xce, 0x0a, 0xbe, 0xb9, 0xde, 0xca, 0x3d, 0x5b, 0xb0, 0x3e, 0x3a,
    0x99, 0x99, 0x7c, 0xbd, 0x4d, 0x41, 0x0f, 0x3c, 0x51, 0x38, 0x38, 0xbb,
    0x85, 0x62, 0x3f, 0x3d, 0x8c, 0xa8, 0x04, 0x3e, 0xca, 0x37, 0x9c, 0xbd,
    0x90, 0x2e, 0x93, 0x3d, 0x00, 0x5b, 0xe3, 0x3d, 0xda, 0x97, 0xce, 0xbd,
    0x8a, 0x5c, 0x5e, 0xbd, 0x10, 0x9c, 0x61, 0xbc, 0x4d, 0x2e, 0x07, 0xbe,
    0xac, 0x83, 0x95, 0x3d, 0x00, 0x15, 0x14, 0x3a, 0x3c, 0xc4, 0x4e, 0x3c,
    0x11, 0x3f, 0xb4, 0xbd, 0xac, 0x4a, 0x44, 0xbd, 0xc8, 0x4e, 0x27, 0xbc,
    0x20, 0xae, 0xf7, 0x3c, 0xbe, 0x4b, 0x24, 0x3c, 0x88, 0xe9, 0x8b, 0xbd,
    0x32, 0xd6, 0xe4, 0xbc, 0x99, 0x1c, 0x08, 0x3e, 0xc9, 0xe6, 0x70, 0x3e,
    0x40, 0x3a, 0x14, 0xbe, 0x57, 0x63, 0x49, 0x3d, 0x14, 0x32, 0x7c, 0x3e,
    0xbb, 0x52, 0xd1, 0xbe, 0xe5, 0x30, 0x73, 0x3e, 0xd0, 0x89, 0x60, 0xbd,
    0xd1, 0xe3, 0x0d, 0x3d, 0x34, 0xea, 0x73, 0xbd, 0x6d, 0x9f, 0x9e, 0xbe,
    0xa8, 0x3c, 0x84, 0x3e, 0x52, 0x1b, 0x45, 0x3e, 0xd1, 0x81, 0xce, 0x3e,
    0x9d, 0x76, 0x24, 0x3e, 0xec, 0x32, 0x0b, 0xbe, 0x62, 0xb3, 0xc9, 0x3d,
    0x61, 0xa8, 0x26, 0x3e, 0xdd, 0x03, 0x54, 0xbe, 0x9d, 0x57, 0xe3, 0xbd,
    0x13, 0x27, 0x51, 0xbd, 0x98, 0x3e, 0x71, 0xbe, 0x55, 0xce, 0x12, 0x3a,
    0xf8, 0x75, 0xd5, 0x3c, 0xf3, 0x5f, 0xca, 0x3e, 0xa3, 0xf3, 0x08, 0xbc,
    0xc7, 0x78, 0x64, 0xbe, 0x5b, 0xee, 0x98, 0x3d, 0x39, 0x10, 0x44, 0xbe,
    0x3e, 0xae, 0x86, 0xbc, 0x2b, 0x7b, 0x16, 0xbf, 0xec, 0x4a, 0x6a, 0x3d,
    0x72, 0xb6, 0x84, 0x3d, 0x21, 0x4a, 0x2c, 0xbd, 0x3d, 0xe5, 0xc1, 0xbd,
    0xb8, 0xbb, 0xf6, 0x3f, 0x73, 0x45, 0x16, 0xbe, 0x50, 0x3c, 0xb3, 0xbf,
    0xe1, 0x48, 0x90, 0xbe, 0x4e, 0xfa, 0x92, 0xbd, 0xa3, 0x8b, 0x67, 0x3e,
    0x7c, 0xf3, 0x1f, 0xbf, 0x8a, 0x49, 0x62, 0x3f, 0xea, 0x23, 0x5c, 0xbe,
    0x69, 0x80, 0x9b, 0xbe, 0x22, 0xac, 0x57, 0xbf, 0xf4, 0x9a, 0x28, 0xbe,
    0x46, 0xbd, 0x72, 0xbb, 0x02, 0x94, 0x55, 0x3f, 0xdd, 0x92, 0xd9, 0xbd,
    0x74, 0xc4, 0x4f, 0xbe, 0x64, 0x89, 0x8a, 0xbe, 0xbf, 0xb6, 0x5a, 0xbb,
    0x8e, 0x08, 0x17, 0xbf, 0x3e, 0x16, 0x6b, 0xbe, 0x90, 0x20, 0x66, 0x3d,
    0x62, 0x1a, 0xd9, 0xbf, 0x78, 0x71, 0x8c, 0x3f, 0xc3, 0x76, 0xd4, 0x3e,
    0x86, 0xe7, 0x20, 0x3e, 0xe6, 0xd2, 0x21, 0x3f, 0xb3, 0x9c, 0x8e, 0x3e,
    0x99, 0xa8, 0x2b, 0xbe, 0xd5, 0xa6, 0x3c, 0x3d, 0xff, 0xb1, 0x1d, 0xbe,
    0x1e, 0x7b, 0xce, 0xbd, 0x6f, 0xe0, 0x84, 0xbd, 0xc7, 0x87, 0x98, 0xbd,
    0xe8, 0xe3, 0x25, 0x3e, 0xdc, 0x76, 0x96, 0x3c, 0x6f, 0x97, 0xe6, 0xbd,
    0xc9, 0x78, 0x8e, 0x3d, 0x4c, 0x0e, 0x44, 0xbc, 0x9b, 0x23, 0xa8, 0x3f,
    0xb2, 0x6f, 0x0d, 0xbe, 0x1a, 0xb9, 0x4d, 0x3c, 0x7a, 0x12, 0xfa, 0x3d,
    0x94, 0x69, 0x11, 0x3f, 0xbf, 0x3b, 0x9b, 0xbd, 0xec, 0xac, 0x75, 0x3d,
    0xfa, 0x91, 0x82, 0x3c, 0x0d, 0xa4, 0x91, 0x3d, 0x56, 0xb6, 0x2b, 0xbe,
    0xde, 0xb0, 0x96, 0xbd, 0xe7, 0xe3, 0xbb, 0x3c, 0xab, 0x83, 0x1d, 0xbf,
    0x3b, 0x13, 0x47, 0xbe, 0xa5, 0x94, 0xfd, 0xbd, 0xf1, 0x25, 0xee, 0x3c,
    0x87, 0x4a, 0xc7, 0x3d, 0x3b, 0x17, 0xc4, 0xbd, 0xc0, 0x90, 0x19, 0xbd,
    0x9e, 0xab, 0x64, 0xbd, 0x57, 0x0a, 0xeb, 0x3d, 0x04, 0x9d, 0xea, 0x3b,
    0xc2, 0x5a, 0xaf, 0x3c, 0xa1, 0x80, 0xc1, 0xbd, 0xbc, 0xc2, 0x99, 0x3d,
    0x08, 0x4f, 0x6e, 0xbd, 0x97, 0xa6, 0x8a, 0x3d, 0x81, 0x09, 0x90, 0x3d,
    0xf0, 0x08, 0x49, 0x3f, 0xac, 0xa3, 0x9c, 0xbe, 0xbe, 0xf8, 0x44, 0x3d,
    0xa4, 0x1d, 0xb4, 0x3d, 0xd0, 0xa3, 0x9b, 0x3e, 0xed, 0xc2, 0xc9, 0xbd,
    0x42, 0x0c, 0xfe, 0xbe, 0xde, 0x87, 0xd2, 0x3d, 0xb1, 0x61, 0xef, 0x3b,
    0xb5, 0x32, 0xb5, 0xbd, 0x10, 0xf9, 0x50, 0xbd, 0x30, 0xe4, 0x02, 0x3f,
    0x08, 0xc2, 0x08, 0xbd, 0x8c, 0xa7, 0x71, 0x3d, 0xfe, 0x2c, 0x33, 0xbe,
    0x03, 0xce, 0xbc, 0x3d, 0xd5, 0x6f, 0x47, 0x3d, 0x30, 0x80, 0xc9, 0xbc,
    0xdf, 0xa4, 0x26, 0xbe, 0x61, 0x00, 0xb9, 0x3c, 0xc9, 0x10, 0xdb, 0xbd,
    0x5d, 0x63, 0xcc, 0x3c, 0xb4, 0x46, 0xef, 0xbc, 0xbb, 0xca, 0xe0, 0x3d,
    0x45, 0x2c, 0x18, 0x3d, 0x33, 0xf8, 0x0f, 0xbf, 0xc0, 0x81, 0x94, 0x3d,
    0xe9, 0x55, 0x80, 0x3d, 0x14, 0x68, 0x7d, 0x3e, 0x1c, 0x40, 0x16, 0x3d,
    0xf8, 0xfa, 0x8e, 0x3d, 0x2e, 0x6a, 0x18, 0xbf, 0x07, 0x5d, 0xfb, 0x3d,
    0xed, 0x92, 0x12, 0xbd, 0x2d, 0x94, 0x8d, 0xbe, 0x98, 0x25, 0x20, 0xbe,
    0x92, 0x77, 0x73, 0x3d, 0x50, 0xcf, 0x9d, 0x3f, 0xad, 0xcc, 0xaa, 0x3e,
    0xa5, 0x5c, 0x8f, 0x3e, 0x97, 0x8f, 0xf7, 0x3e, 0xc0, 0xcd, 0x21, 0x3e,
    0xee, 0x53, 0x93, 0x3e, 0xc6, 0xb4, 0x36, 0xbe, 0x0c, 0x31, 0x82, 0xbd,
    0xbc, 0xe6, 0x16, 0x3d, 0x2a, 0x6a, 0x02, 0x3c, 0x91, 0x1a, 0xb5, 0xbe,
    0x09, 0x02, 0xc3, 0x3e, 0x3e, 0xa0, 0x03, 0xbc, 0xa8, 0xfc, 0x3d, 0x3d,
    0xd4, 0xe0, 0x1d, 0x3e, 0xd0, 0xfc, 0xba, 0xbe, 0xe6, 0x4e, 0x15, 0x3f,
    0x93, 0xe2, 0x4f, 0xbd, 0x2c, 0xcc, 0xd1, 0x3d, 0xdd, 0x06, 0x2e, 0x3e,
    0x3d, 0xa0, 0xb7, 0x3e, 0xa9, 0xa2, 0xb4, 0xbe, 0xca, 0x8a, 0xcc, 0xbc,
    0x71, 0xa8, 0x91, 0xbd, 0x6d, 0x0b, 0xb9, 0xbd, 0xf3, 0xae, 0x92, 0x3d,
    0x3c, 0xf6, 0x38, 0xbc, 0xad, 0x51, 0x20, 0x3d, 0xb0, 0x0c, 0x5c, 0x3d,
    0xf2, 0x5d, 0xe1, 0xbd, 0xac, 0x52, 0x66, 0xbd, 0x10, 0x9d, 0xfb, 0x3b,
    0xd9, 0xdf, 0x1a, 0xbd, 0x29, 0x55, 0xbe, 0x3c, 0xa5, 0x45, 0xec, 0xbc,
    0x77, 0xeb, 0x64, 0x3b, 0x47, 0x03, 0x8f, 0xbc, 0x9f, 0x1d, 0x3f, 0x3d,
    0x60, 0xa1, 0x7e, 0xbd, 0x72, 0x79, 0xaf, 0x3d, 0x01, 0x2f, 0xca, 0xbd,
    0x44, 0xd4, 0x9f, 0xbb, 0x2d, 0x39, 0x57, 0x3c, 0x32, 0xce, 0xc0, 0x3f,
    0x93, 0x68, 0x80, 0x3d, 0x69, 0x13, 0x19, 0xbe, 0xb9, 0xb1, 0x42, 0x39,
    0x20, 0x34, 0xa8, 0xbd, 0xdd, 0xe2, 0x75, 0x3e, 0xeb, 0x5d, 0x7e, 0xbd,
    0xe4, 0x3b, 0x51, 0x3d, 0x0a, 0xf4, 0xf0, 0x3d, 0x52, 0x98, 0x92, 0x3d,
    0xc9, 0x29, 0x82, 0x3c, 0x95, 0x6f, 0xd1, 0xbd, 0x8f, 0xc2, 0x49, 0x3e,
    0x87, 0x75, 0x2b, 0xbe, 0x20, 0x1c, 0xa5, 0x3a, 0xb6, 0x8b, 0x95, 0xbd,
    0x4d, 0x2c, 0x8f, 0x3e, 0xa0, 0x17, 0x5f, 0xbd, 0xa3, 0x78, 0xa1, 0xbd,
    0x68, 0xac, 0x32, 0x3a, 0xec, 0xd3, 0x17, 0xbe, 0x46, 0x19, 0x26, 0xbf,
    0x01, 0x7b, 0xce, 0x3d, 0x50, 0x65, 0x81, 0x3e, 0xb6, 0xc2, 0x6a, 0xbe,
    0x36, 0x83, 0x8e, 0x3c, 0xb5, 0x77, 0x01, 0x3e, 0xfc, 0xb8, 0x0f, 0xbe,
    0x39, 0x4f, 0x6a, 0xbe, 0xba, 0xc9, 0xcd, 0xbd, 0xd5, 0x38, 0xcf, 0xbd,
    0x99, 0xdb, 0x5a, 0xbd, 0xd6, 0x21, 0xbc, 0x3e, 0x73, 0x74, 0x7e, 0x3d,
    0xd0, 0x31, 0x07, 0xbc, 0xbf, 0xc0, 0xa9, 0xbe, 0xac, 0xf6, 0x64, 0xbd,
    0x5c, 0xe7, 0xad, 0xbc, 0xde, 0x82, 0x6e, 0xbe, 0xef, 0xe5, 0xc8, 0xbc,
    0xf5, 0xd7, 0x0b, 0x3e, 0x27, 0x12, 0xd0, 0xbe, 0x28, 0x97, 0xa1, 0x3d,
    0x53, 0x41, 0x78, 0x3d, 0xa8, 0x7f, 0x5c, 0xbe, 0x80, 0x08, 0x01, 0xbd,
    0x99, 0xb0, 0x6c, 0xbc, 0x46, 0x7a, 0x28, 0x3e, 0x7c, 0x7a, 0xc0, 0xbe,
    0xb3, 0x42, 0x80, 0x3d, 0xaa, 0x95, 0x9e, 0xbc, 0x84, 0x2c, 0xa6, 0x3d,
    0x44, 0x6e, 0xea, 0xbe, 0xf8, 0xf2, 0xec, 0xbe, 0xe8, 0x27, 0x2d, 0x3e,
    0xcf, 0x0c, 0x9f, 0x3d, 0x1b, 0x7b, 0xdc, 0xbc, 0xf4, 0x6d, 0xc0, 0x3b,
    0xb6, 0x00, 0xc5, 0xbd, 0xdc, 0xb7, 0x21, 0x3e, 0x86, 0x40, 0x61, 0x3d,
    0xc8, 0xc7, 0xec, 0xbc, 0x6e, 0x82, 0xc5, 0x3d, 0x0e, 0x46, 0x6a, 0x3e,
    0x42, 0x70, 0x61, 0xbe, 0x8f, 0xa7, 0xa4, 0x3e, 0xfa, 0x2e, 0xa8, 0x3d,
    0xb2, 0x1e, 0x8c, 0xbe, 0x82, 0x45, 0x55, 0x3e, 0x80, 0x99, 0x83, 0xbe,
    0x16, 0x6c, 0xc3, 0xbd, 0xac, 0x45, 0xc1, 0xbe, 0x8f, 0x84, 0x56, 0xbe,
    0xc1, 0x70, 0x9b, 0xbd, 0x52, 0xae, 0xee, 0x3d, 0x08, 0x43, 0x1a, 0xbe,
    0xf1, 0x05, 0x42, 0xbe, 0x04, 0x25, 0x16, 0x3d, 0x5e, 0x4c, 0x60, 0xbd,
    0xf8, 0x3f, 0xbb, 0x3e, 0xa1, 0x98, 0xd1, 0xbe, 0xf1, 0x1b, 0x22, 0x3e,
    0xd2, 0x3b, 0x3c, 0x3e, 0xc8, 0x99, 0x12, 0xbd, 0xee, 0x66, 0xa1, 0xbe,
    0x45, 0x6b, 0xf4, 0xbe, 0xd2, 0x6b, 0x09, 0x3e, 0x1d, 0xaf, 0x93, 0x3d,
    0xfc, 0x44, 0x55, 0xbe, 0xd5, 0x09, 0xd5, 0x3a, 0x93, 0x1c, 0xc2, 0xbd,
    0xc8, 0xc2, 0x98, 0xbc, 0x68, 0x2e, 0x07, 0x3e, 0xf1, 0x57, 0x66, 0xbe,
    0x3d, 0x35, 0xc3, 0x3c, 0x93, 0x2f, 0x49, 0x3d, 0xbb, 0xf3, 0x97, 0xbe,
    0x37, 0x8d, 0x2a, 0x3e, 0x08, 0xc9, 0x4a, 0x3d, 0xb8, 0x27, 0x32, 0xbe,
    0x4b, 0x41, 0xc6, 0x3e, 0x92, 0x41, 0x34, 0xbe, 0x6e, 0x58, 0xf1, 0x3d,
    0xe4, 0x75, 0x10, 0xbe, 0xb7, 0xa1, 0x92, 0xbe, 0x37, 0x9a, 0xc8, 0x3c,
    0x00, 0x2e, 0x8f, 0xbc, 0x10, 0x1a, 0xa0, 0x3d, 0xf1, 0x65, 0x3e, 0xbd,
    0x02, 0xd4, 0xa9, 0x3d, 0x63, 0x5c, 0xba, 0xbc, 0x48, 0xa8, 0x46, 0x3c,
    0x4c, 0x89, 0x37, 0x3f, 0x0e, 0xb4, 0x10, 0x3e, 0x4b, 0x6e, 0x01, 0x3e,
    0x23, 0xbc, 0x72, 0x3d, 0xe7, 0xc7, 0x79, 0x3e, 0xb6, 0x75, 0x7f, 0x3e,
    0x25, 0x23, 0x69, 0x3e, 0x8e, 0x4a, 0xc8, 0xbe, 0x7c, 0xd1, 0x81, 0xbe,
    0xc7, 0x36, 0x61, 0x3e, 0xd6, 0x67, 0x8d, 0xbe, 0x1d, 0x1a, 0x74, 0xbe,
    0x2e, 0x40, 0x9f, 0x3e, 0x29, 0x64, 0xe5, 0x3d, 0x39, 0xa3, 0xf9, 0x3d,
    0xc9, 0x0a, 0x02, 0x3d, 0x13, 0x39, 0xa4, 0xbc, 0xec, 0x35, 0x80, 0xbe,
    0x76, 0x56, 0xbc, 0xbd, 0xfc, 0x1e, 0x61, 0xbe, 0x41, 0x18, 0xed, 0x3e,
    0xed, 0x4e, 0x57, 0xbe, 0xfe, 0xef, 0xc5, 0x3d, 0x24, 0x1c, 0x3e, 0xbe,
    0xb2, 0x28, 0xed, 0xbd, 0xb7, 0x0b, 0xa3, 0x3e, 0x28, 0xcf, 0x0a, 0xbe,
    0x9d, 0x66, 0xc6, 0x3c, 0x8b, 0xf7, 0x97, 0x3c, 0xbd, 0x83, 0x2a, 0xbe,
    0x37, 0xc2, 0x87, 0x3c, 0x1d, 0x7f, 0x40, 0xbc, 0xf9, 0xee, 0xa5, 0xbc,
    0x95, 0x9d, 0xa0, 0x3c, 0xe6, 0x85, 0x94, 0x3d, 0xfc, 0xc5, 0x8a, 0x3d,
    0xc8, 0xd8, 0x83, 0x3b, 0xc0, 0x2e, 0x2c, 0xbc, 0xf6, 0x32, 0x99, 0x38,
    0xe1, 0x50, 0xa5, 0xbd, 0xf8, 0x23, 0x59, 0x3d, 0x3a, 0x55, 0x6d, 0x3d,
    0x4a, 0xb0, 0xa2, 0xbd, 0x06, 0x89, 0x97, 0x3c, 0x5e, 0xa8, 0x92, 0xbd,
    0xea, 0xde, 0xee, 0x3c, 0xbc, 0xb8, 0x48, 0xbd, 0x68, 0x5d, 0x51, 0xba,
    0x01, 0x53, 0x06, 0xbd, 0x86, 0x25, 0x33, 0x3d, 0xf3, 0xea, 0xbb, 0xbd,
    0x63, 0x83, 0x40, 0xbd, 0xad, 0xf1, 0x9c, 0xbc, 0x82, 0x69, 0xea, 0xbc,
    0xd4, 0x53, 0x0f, 0xbd, 0x15, 0xa7, 0x87, 0x3c, 0x97, 0x9d, 0xa2, 0xbb,
    0x97, 0xd5, 0x3c, 0xbd, 0xb5, 0x8a, 0x5b, 0x3c, 0x9d, 0xda, 0x63, 0xbd,
    0x97, 0x4d, 0x2a, 0xbc, 0x02, 0xde, 0xbf, 0x3d, 0xc4, 0x7d, 0x7a, 0x3b,
    0xd8, 0x1a, 0x74, 0x3d, 0x21, 0xd6, 0xfa, 0xbc, 0x45, 0x10, 0x9c, 0x3c,
    0xd0, 0xcd, 0x91, 0xbd, 0xb6, 0xa8, 0xe0, 0x3d, 0xd6, 0x95, 0x95, 0xbd,
    0xac, 0x65, 0x3c, 0x3c, 0x29, 0x39, 0x71, 0xbd, 0xd3, 0xed, 0x2f, 0x3d,
    0x6d, 0x8e, 0xa7, 0xbc, 0x0b, 0xfb, 0x43, 0x3d, 0x31, 0x3c, 0x43, 0xbd,
    0x2c, 0xa9, 0x41, 0x3d, 0xff, 0x69, 0x64, 0x3d, 0x83, 0x8e, 0x11, 0xbe,
    0x51, 0xf1, 0xdd, 0x3b, 0x95, 0x07, 0x94, 0xbd, 0xea, 0x96, 0x55, 0xbd,
    0x17, 0xdf, 0x00, 0x3e, 0xae, 0x96, 0xa2, 0x3d, 0x30, 0x8c, 0x7e, 0xbd,
    0x25, 0xc7, 0xca, 0xbc, 0xd6, 0x28, 0x98, 0xbd, 0x93, 0x2e, 0x80, 0x3d,
    0xa8, 0xb5, 0x30, 0xbd, 0xb1, 0xdb, 0xbd, 0x3d, 0xc4, 0x6c, 0x11, 0xbd,
    0xd5, 0x9d, 0x83, 0xbc, 0x4a, 0x29, 0x04, 0x3e, 0x26, 0x51, 0x17, 0xbe,
    0xe0, 0x30, 0x4c, 0x3d, 0x8e, 0x22, 0x51, 0xbe, 0x4b, 0x15, 0x28, 0x3d,
    0x9f, 0xa2, 0x85, 0xbe, 0xe4, 0x56, 0x67, 0xbd, 0x57, 0x21, 0x24, 0xbe,
    0x4e, 0xd4, 0x30, 0x3e, 0xbb, 0x24, 0x08, 0xbf, 0xd3, 0x01, 0x2a, 0x3e,
    0x64, 0x2d, 0x13, 0x3f, 0xd5, 0x06, 0x68, 0x3d, 0x0f, 0x41, 0xce, 0x3d,
    0xdd, 0xaf, 0x8e, 0xbe, 0x4f, 0xe4, 0x57, 0xbd, 0xd5, 0x9d, 0x94, 0x3e,
    0x05, 0x98, 0x5a, 0x3d, 0xc9, 0x68, 0xe1, 0x3c, 0x3f, 0xdf, 0x99, 0x3d,
    0xf4, 0x15, 0x2d, 0xba, 0xbe, 0x69, 0x4a, 0xbe, 0xee, 0x1d, 0xe5, 0x3c,
    0xcb, 0x08, 0xd5, 0xbd, 0xe7, 0xb9, 0x2e, 0x3e, 0x91, 0xe3, 0x26, 0xbe,
    0xf2, 0x2c, 0x66, 0x3e, 0xdf, 0xdd, 0x91, 0x3e, 0xb9, 0x43, 0xaf, 0x3e,
    0x78, 0x47, 0x17, 0xbe, 0x06, 0xa9, 0x06, 0x3e, 0xa7, 0xf5, 0xdc, 0x3c,
    0x19, 0x04, 0x6a, 0x3d, 0x36, 0x3f, 0x01, 0xbf, 0x88, 0x01, 0x16, 0xbe,
    0x26, 0x07, 0x9f, 0x3d, 0x0a, 0xcd, 0xaf, 0xbd, 0xfb, 0x22, 0x9f, 0x3e,
    0x4b, 0x92, 0x34, 0xbe, 0x4c, 0x06, 0x06, 0xbe, 0x78, 0x80, 0x4a, 0x3e,
    0xb3, 0xc7, 0x27, 0xbe, 0x2c, 0x17, 0x0f, 0x3f, 0x54, 0x80, 0x96, 0x3d,
    0x13, 0x0e, 0x53, 0x3e, 0xe0, 0x48, 0x60, 0x3e, 0xe6, 0x0b, 0x69, 0x3d,
    0xdc, 0x97, 0xbb, 0xbd, 0xa9, 0xc3, 0x66, 0x3e, 0x01, 0xda, 0x69, 0x3e,
    0xd7, 0x44, 0x71, 0x3b, 0xc0, 0x12, 0xed, 0xbc, 0x4b, 0x0f, 0x1f, 0x3e,
    0x47, 0x1f, 0x11, 0xbf, 0x3d, 0xf9, 0x57, 0x3e, 0x98, 0x70, 0xbd, 0x3c,
    0xe0, 0xde, 0x05, 0x3e, 0x85, 0x4a, 0x30, 0xbe, 0xdc, 0xca, 0x82, 0xbc,
    0x2b, 0x10, 0xa2, 0xbe, 0xbb, 0xfa, 0xce, 0x3d, 0x7a, 0xec, 0x9f, 0xbe,
    0xd2, 0x55, 0x19, 0x3f, 0x88, 0x76, 0x3a, 0xbe, 0x3d, 0x51, 0xb0, 0xbd,
    0x42, 0xb9, 0xea, 0xbe, 0x00, 0xce, 0xdb, 0xbb, 0x10, 0x9b, 0x85, 0xbd,
    0xc4, 0xfb, 0x04, 0xbe, 0xb2, 0xc6, 0x87, 0x3e, 0x71, 0x24, 0x15, 0xbe,
    0xe4, 0x6f, 0x95, 0x3e, 0xec, 0x50, 0xa2, 0xbc, 0x59, 0x95, 0xf9, 0x3d,
    0x88, 0xf6, 0x0f, 0xbf, 0x72, 0xa9, 0xc8, 0x3e, 0xdf, 0x85, 0x09, 0x3e,
    0xff, 0x3b, 0x90, 0xbd, 0x7f, 0x61, 0xe9, 0xbc, 0x2b, 0xbf, 0xc4, 0x3d,
    0xe3, 0x90, 0x1d, 0xbf, 0xd4, 0x45, 0xfc, 0xbd, 0x06, 0xcf, 0x8a, 0x3d,
    0x69, 0x83, 0x46, 0x3e, 0xf6, 0xdb, 0xf0, 0x3e, 0xc8, 0xc9, 0xd9, 0xbd,
    0xba, 0x25, 0x1c, 0xbe, 0x48, 0xc8, 0x43, 0x3d, 0xf6, 0xa1, 0x4f, 0x3e,
    0xa2, 0xa7, 0x6a, 0x3e, 0x81, 0x67, 0xb2, 0xbe, 0xad, 0xad, 0xfc, 0x3d,
    0xef, 0xe4, 0xf6, 0x3d, 0xae, 0x54, 0xe5, 0x3e, 0x59, 0x59, 0x1b, 0xbf,
    0x53, 0xfd, 0x44, 0xbe, 0x6c, 0xfe, 0x76, 0xbd, 0x2f, 0x04, 0x86, 0x3d,
    0x7a, 0x70, 0x2b, 0xbe, 0xfc, 0xf0, 0xe2, 0x3c, 0xb8, 0x4d, 0xad, 0x3c,
    0x7d, 0xa8, 0x4e, 0x3d, 0x7f, 0xac, 0x03, 0x3d, 0x38, 0xb6, 0x7f, 0xbd,
    0x3b, 0x7b, 0x6a, 0x3d, 0x87, 0x1c, 0x35, 0xbd, 0x0d, 0x57, 0x2b, 0x3d,
    0x92, 0x26, 0x91, 0xbd, 0x4d, 0xfb, 0x7e, 0x3d, 0x98, 0xdd, 0x4a, 0x3d,
    0x85, 0x0a, 0x23, 0xbd, 0x12, 0xa7, 0xe3, 0x3a, 0x48, 0x4a, 0x5b, 0xbd,
    0x58, 0x51, 0x48, 0xbd, 0xef, 0x12, 0x52, 0xbd, 0x82, 0xce, 0xef, 0x3d,
    0xb1, 0x1c, 0x5f, 0xbd, 0x40, 0x0f, 0x92, 0x3c, 0x13, 0x82, 0xdc, 0xbc,
    0x49, 0x6c, 0x2a, 0x3e, 0x31, 0xb7, 0x57, 0x3c, 0xd9, 0x1b, 0x82, 0x3c,
    0x2f, 0xca, 0x89, 0xbc, 0xaf, 0x87, 0x49, 0xbb, 0xff, 0xa4, 0xb2, 0x3d,
    0x93, 0xeb, 0x3e, 0xbd, 0x4e, 0x75, 0xc3, 0xba, 0x42, 0x2a, 0xad, 0xbc,
    0x6e, 0x52, 0x0d, 0xbe, 0xda, 0x75, 0xaa, 0xbe, 0x48, 0x8f, 0x2f, 0x3d,
    0x80, 0xa6, 0x5d, 0xbd, 0x33, 0x1b, 0x7f, 0xbe, 0x63, 0xf7, 0x8a, 0x3d,
    0x70, 0xa5, 0xb1, 0xbd, 0x9e, 0x36, 0x55, 0xbd, 0x50, 0x18, 0xe2, 0x3a,
    0x65, 0x1c, 0x08, 0x3e, 0xf8, 0xc7, 0x41, 0xbf, 0xb1, 0x1b, 0xaf, 0x3e,
    0x7a, 0x2e, 0xc2, 0xbd, 0xab, 0xca, 0xa0, 0xbe, 0x61, 0x9d, 0x31, 0x3e,
    0x81, 0x87, 0x8c, 0x3d, 0xdb, 0x99, 0xd9, 0xbe, 0xef, 0xac, 0x2f, 0x3d,
    0xb1, 0x88, 0x17, 0xbd, 0xe0, 0xc9, 0x59, 0x3e, 0x39, 0xbe, 0x41, 0x3e,
    0xda, 0xba, 0x49, 0xbd, 0xa6, 0x45, 0x04, 0xbe, 0xa2, 0x68, 0x9c, 0x3d,
    0xfc, 0x99, 0x24, 0x3e, 0xbc, 0x8d, 0x8a, 0xbe, 0x6c, 0x82, 0xa6, 0xbe,
    0x0f, 0xe4, 0xf8, 0x3d, 0xc7, 0xf3, 0x79, 0x3e, 0x78, 0xa9, 0x56, 0x3e,
    0x33, 0xcb, 0x2e, 0x3c, 0x48, 0xb0, 0x0c, 0x3e, 0xad, 0x5e, 0xea, 0xbd,
    0x6c, 0x4b, 0x24, 0xbd, 0x90, 0x21, 0xae, 0xbc, 0x13, 0xa2, 0xec, 0xbb,
    0x68, 0x05, 0x23, 0x3d, 0x4d, 0xf6, 0x8e, 0x3d, 0xc1, 0x4b, 0x49, 0xbe,
    0x75, 0xc8, 0x11, 0x3e, 0xa3, 0x68, 0x2b, 0xbe, 0x77, 0x32, 0x2c, 0xbc,
    0x76, 0x38, 0x59, 0x3d, 0x55, 0x33, 0x22, 0x3d, 0x53, 0x36, 0x29, 0x3e,
    0xac, 0x36, 0x0a, 0xbe, 0x6a, 0x68, 0xd7, 0xbd, 0x23, 0x44, 0xe2, 0x3d,
    0x82, 0x79, 0xa6, 0xbd, 0xdc, 0x7b, 0x77, 0x3d, 0xac, 0x5d, 0x20, 0xbc,
    0x1b, 0xf3, 0x39, 0x3e, 0xfd, 0x3b, 0x73, 0x3c, 0xe9, 0x76, 0x06, 0x3d,
    0xe3, 0x32, 0xa5, 0xbd, 0x20, 0x22, 0xb4, 0xbb, 0x5a, 0xf3, 0xaf, 0x3c,
    0xbd, 0x2c, 0xd2, 0x3d, 0xb5, 0xe1, 0xef, 0x3d, 0xc3, 0xb5, 0xcf, 0xbc,
    0x55, 0x59, 0xc3, 0x3d, 0xc0, 0xf7, 0xb1, 0xbc, 0xdc, 0x6d, 0x77, 0x3c,
    0x39, 0x29, 0xdc, 0xbc, 0x02, 0x75, 0x08, 0x3e, 0x8a, 0x17, 0x8f, 0x3b,
    0x92, 0xaa, 0xe4, 0x3d, 0x39, 0x32, 0xeb, 0xbb, 0x86, 0xf6, 0xaf, 0x3c,
    0x34, 0x1b, 0xfa, 0xbb, 0x84, 0x4f, 0x21, 0x3c, 0xad, 0x03, 0x87, 0x3b,
    0x92, 0xf5, 0x5e, 0x3b, 0xf2, 0xc9, 0x55, 0xbb, 0x0f, 0xc5, 0xd1, 0xbb,
    0x64, 0x7d, 0x57, 0xbc, 0xbd, 0x49, 0x9d, 0x3c, 0x65, 0x11, 0x96, 0xbc,
    0x5c, 0x4d, 0xe1, 0x3a, 0xc7, 0xa2, 0x11, 0x3c, 0x21, 0x8f, 0xae, 0xbb,
    0xc2, 0xbb, 0x01, 0xbb, 0x20, 0x4c, 0x76, 0xbd, 0xba, 0x14, 0x07, 0xbc,
    0x8d, 0x25, 0x83, 0xbc, 0xb0, 0x97, 0xc2, 0x3b, 0xdf, 0x17, 0x10, 0xbd,
    0xb0, 0xc3, 0x18, 0xbc, 0xfc, 0x76, 0x1f, 0xbb, 0x5f, 0x6b, 0xbe, 0x3c,
    0x2c, 0x61, 0x88, 0x3a, 0xaf, 0x87, 0x6a, 0x3d, 0x65, 0xe2, 0x86, 0x3c,
    0xa6, 0x0a, 0xa9, 0xbc, 0xb5, 0xf9, 0x37, 0x3b, 0xa8, 0x0e, 0x8c, 0xbc,
    0x2d, 0xc3, 0x00, 0xbe, 0x7b, 0x59, 0x41, 0xbd, 0x22, 0x09, 0xa6, 0x3d,
    0xbc, 0x64, 0x99, 0xbc, 0x15, 0x7a, 0x03, 0xbd, 0x57, 0xdf, 0x28, 0x3d,
    0x10, 0xc0, 0x0e, 0x3d, 0xfb, 0xe6, 0x6e, 0x3d, 0xae, 0xa6, 0x59, 0xbd,
    0xfa, 0xec, 0x79, 0x3c, 0xd4, 0x19, 0xd2, 0xbd, 0x39, 0xdf, 0x73, 0x3c,
    0x46, 0x57, 0x78, 0x3c, 0x22, 0x62, 0x84, 0xbc, 0x84, 0xe3, 0xeb, 0x3b,
    0x8e, 0xc2, 0xf7, 0x39, 0x06, 0x1c, 0x3a, 0xbd, 0x28, 0xeb, 0xc4, 0xbc,
    0x40, 0x67, 0xef, 0x3d, 0x3f, 0x93, 0x52, 0xbd, 0xe8, 0x4c, 0x50, 0xbd,
    0xdc, 0xe7, 0x69, 0xbb, 0xdd, 0x02, 0x09, 0x3e, 0xf8, 0x7b, 0x90, 0x3d,
    0xb1, 0x6b, 0x59, 0x3c, 0xfa, 0x61, 0x1a, 0xbd, 0x65, 0x66, 0x61, 0xbd,
    0x44, 0xa4, 0x1c, 0x3d, 0x7e, 0x75, 0xce, 0x3d, 0x53, 0x57, 0x4b, 0xbc,
    0x20, 0xa7, 0x7f, 0x3d, 0x52, 0x59, 0x23, 0x3d, 0x5d, 0xda, 0x1c, 0xbd,
    0xda, 0xe2, 0x4b, 0xbd, 0x3d, 0xd8, 0x33, 0x3e, 0x25, 0xb2, 0x86, 0xbc,
    0x5c, 0x25, 0xe6, 0xbc, 0xdc, 0x45, 0x1f, 0xbb, 0x9f, 0x36, 0x16, 0xbd,
    0xd8, 0x71, 0x8d, 0xbd, 0x87, 0x50, 0xce, 0xbd, 0x30, 0x75, 0xc6, 0x3c,
    0x76, 0x76, 0x4c, 0xbc, 0x8d, 0x4f, 0x5d, 0x3d, 0x31, 0x37, 0xc7, 0x3c,
    0xb8, 0xde, 0x79, 0xbd, 0x60, 0x01, 0x57, 0x3c, 0x9e, 0x56, 0x43, 0x3d,
    0xa8, 0x8d, 0xe1, 0x3c, 0x90, 0x2b, 0xf2, 0x3d, 0x37, 0x5f, 0x54, 0x3d,
    0xdc, 0x27, 0x8f, 0xbc, 0x21, 0x73, 0x6d, 0x3d, 0xd5, 0x14, 0x80, 0x3c,
    0x98, 0xf3, 0x35, 0x3d, 0x5f, 0x77, 0x9d, 0xbd, 0xb3, 0x06, 0xe5, 0x3b,
    0x0d, 0x5f, 0x11, 0x3c, 0xfa, 0x58, 0xef, 0xbb, 0xf3, 0xc2, 0xde, 0xbc,
    0x73, 0x2b, 0x2b, 0xbd, 0x84, 0x18, 0x1a, 0xbc, 0x2a, 0x1f, 0x92, 0x3c,
    0x5a, 0xd1, 0x75, 0x3a, 0x4a, 0x61, 0xd0, 0xbd, 0x1f, 0x58, 0xfb, 0x3b,
    0xdf, 0x26, 0xb0, 0xbd, 0xa9, 0x51, 0xb5, 0xbd, 0x4f, 0x42, 0x62, 0xbd,
    0x2a, 0x34, 0x6a, 0xbe, 0xde, 0x59, 0x0a, 0xbf, 0x2d, 0x89, 0x8f, 0x3e,
    0x20, 0xa2, 0x6b, 0x3c, 0x9d, 0xc7, 0xc8, 0x3c, 0xaf, 0xa2, 0x5e, 0xbe,
    0xc9, 0xf5, 0xef, 0x3d, 0xaf, 0x79, 0x56, 0xbd, 0x69, 0xee, 0x20, 0xbf,
    0x5a, 0x68, 0x62, 0x3e, 0x75, 0x2e, 0x2e, 0xbd, 0xd9, 0x0a, 0xb8, 0x3e,
    0xc5, 0x27, 0x69, 0x3e, 0xe1, 0xff, 0xc6, 0xbc, 0xaf, 0x33, 0x37, 0x3e,
    0xd0, 0xcf, 0xe6, 0xbe, 0x7a, 0xac, 0xce, 0xbc, 0x90, 0x8e, 0xf0, 0xbd,
    0x8a, 0xdd, 0xba, 0xbd, 0x3c, 0x0c, 0x60, 0xbd, 0xe9, 0x4e, 0x35, 0xbf,
    0xf1, 0xd2, 0x87, 0x3c, 0x6b, 0x27, 0xcd, 0xbc, 0x94, 0x6b, 0x28, 0x3d,
    0x68, 0x8b, 0xbe, 0x3c, 0xef, 0x18, 0x2e, 0x3f, 0x51, 0xf7, 0x07, 0x3f,
    0x0b, 0x89, 0xe0, 0xbd, 0xed, 0x6d, 0xb4, 0xbe, 0xbf, 0x75, 0x25, 0xbe,
    0xe4, 0x23, 0x80, 0xbe, 0xd3, 0xfd, 0x7c, 0x3e, 0x9d, 0x3e, 0x12, 0xbd,
    0x17, 0xb6, 0xf7, 0x3e, 0xa2, 0xa2, 0x1a, 0xbe, 0x88, 0x59, 0x6a, 0x3e,
    0xe7, 0xbe, 0x06, 0xbf, 0xd2, 0x74, 0xec, 0xbc, 0xdc, 0xe5, 0x7c, 0xbc,
    0xf8, 0x65, 0x41, 0xbe, 0xc1, 0x56, 0x81, 0xbd, 0xee, 0x88, 0x83, 0x3e,
    0x95, 0x91, 0x9c, 0x3e, 0xa4, 0x4d, 0x0b, 0x3f, 0x3c, 0xd5, 0x6c, 0xbe,
    0xeb, 0x93, 0x7e, 0x3e, 0x2c, 0x9e, 0xe6, 0xbe, 0x3a, 0x64, 0xf8, 0xbd,
    0xd6, 0x54, 0xd1, 0xbe, 0xe0, 0xef, 0xc5, 0xbd, 0x66, 0x7f, 0xaa, 0x3d,
    0xc2, 0x17, 0xf8, 0xbe, 0x94, 0xf0, 0xa3, 0xbd, 0xc8, 0xce, 0x29, 0x3e,
    0x28, 0x58, 0x6a, 0x3c, 0xe2, 0x62, 0x08, 0xbe, 0xbe, 0x71, 0x01, 0xbe,
    0x13, 0xfb, 0x23, 0xbe, 0x06, 0xe8, 0x5c, 0xbe, 0x6e, 0xa5, 0x04, 0x3e,
    0xef, 0x4c, 0x9e, 0xbe, 0x44, 0x08, 0x67, 0xbd, 0x1c, 0x51, 0x67, 0xbe,
    0x9a, 0x8e, 0x43, 0x3e, 0x5b, 0x21, 0x6b, 0xbc, 0xbc, 0x2f, 0xfa, 0x3e,
    0xa6, 0x4c, 0x85, 0xbe, 0x34, 0xa6, 0xa1, 0x3e, 0x84, 0x13, 0x0b, 0xbf,
    0x74, 0xc2, 0x90, 0xbd, 0x56, 0xea, 0x18, 0xbd, 0x25, 0x2c, 0x44, 0xbe,
    0xfc, 0x39, 0x9c, 0xba, 0x22, 0x32, 0x1b, 0x3e, 0x44, 0x50, 0xa6, 0x3e,
    0x7b, 0xf6, 0xe8, 0x3e, 0x8c, 0x3c, 0x8f, 0xbe, 0x7e, 0x50, 0x82, 0x3e,
    0x5b, 0x2b, 0x93, 0xbe, 0x43, 0x0a, 0xb3, 0xbd, 0xe9, 0x99, 0xc6, 0xbe,
    0x4a, 0xb8, 0x75, 0xbe, 0x47, 0xcd, 0x19, 0x3e, 0xcb, 0x4d, 0xc5, 0xbe,
    0xf4, 0xe3, 0x46, 0xbe, 0xa9, 0x7e, 0x7e, 0x3e, 0xe3, 0xd4, 0x55, 0x3c,
    0xf3, 0x0a, 0x3e, 0xbe, 0xca, 0x4d, 0xbd, 0xbd, 0xc8, 0x3e, 0x12, 0xbe,
    0x0f, 0x63, 0x38, 0xbe, 0xd9, 0x0f, 0x27, 0xbe, 0x2a, 0xf8, 0xa9, 0xbe,
    0x81, 0x76, 0x21, 0x3e, 0xbe, 0xec, 0x8a, 0xbe, 0x85, 0x86, 0x8d, 0x3e,
    0xe9, 0x86, 0x18, 0xbe, 0xdf, 0xe3, 0x28, 0x3f, 0x1d, 0xa4, 0x72, 0xbe,
    0xea, 0xe9, 0x57, 0x3e, 0x69, 0xcd, 0xeb, 0xbe, 0x18, 0x86, 0xff, 0xbd,
    0xb4, 0x5b, 0x9b, 0xbd, 0x23, 0x64, 0xb3, 0xbe, 0x94, 0xb5, 0xff, 0xbd,
    0xae, 0xdd, 0x73, 0x3e, 0xc4, 0x5f, 0xa4, 0x3e, 0xcd, 0x19, 0xe7, 0x3e,
    0xbc, 0x5f, 0x45, 0xbe, 0x59, 0xe7, 0x0d, 0x3e, 0x9e, 0x82, 0xc0, 0xbe,
    0xed, 0xb0, 0x1c, 0xbe, 0x43, 0x2e, 0xbd, 0xbe, 0xee, 0xb0, 0x37, 0xbe,
    0xc9, 0x3d, 0x86, 0xbd, 0xbb, 0x03, 0xdc, 0xbe, 0xdd, 0xba, 0x57, 0xbd,
    0x21, 0x87, 0x3c, 0x3e, 0xd6, 0xb6, 0x93, 0x3e, 0x08, 0x52, 0xc6, 0xbd,
    0x96, 0xae, 0x07, 0xbe, 0x05, 0xad, 0xc5, 0xbd, 0x82, 0x7c, 0x46, 0xbe,
    0x8c, 0xed, 0x27, 0xbe, 0x36, 0x25, 0x36, 0x3d, 0xfa, 0xe1, 0xc8, 0x3d,
    0xc7, 0x67, 0x81, 0x3d, 0xcc, 0x05, 0x7f, 0xbe, 0x25, 0xc4, 0xe7, 0x3d,
    0xc4, 0x27, 0x15, 0xbe, 0x57, 0x26, 0x5a, 0x3d, 0xfe, 0xe3, 0x57, 0xbc,
    0x42, 0xf5, 0x21, 0xbb, 0x07, 0xab, 0xce, 0x3c, 0xb1, 0xce, 0xef, 0x3d,
    0xb5, 0x87, 0x24, 0x3e, 0x29, 0x0c, 0x70, 0xbe, 0x5b, 0x64, 0xc7, 0x3d,
    0x6b, 0xed, 0xf3, 0x3d, 0x64, 0xbd, 0x5e, 0x3d, 0x8c, 0x63, 0x83, 0xbe,
    0x9a, 0x72, 0xd5, 0xbd, 0xcb, 0xfd, 0x04, 0xbe, 0x43, 0x88, 0x04, 0x3e,
    0x15, 0xbd, 0x5e, 0x3d, 0x1b, 0x01, 0x2d, 0x3d, 0xb4, 0xde, 0x36, 0xbd,
    0x0d, 0xee, 0x11, 0x3e, 0x80, 0xcb, 0xd0, 0x3e, 0x2f, 0x61, 0x50, 0x3e,
    0x34, 0x7e, 0x3d, 0xbd, 0xbc, 0x57, 0x49, 0xbe, 0x73, 0x1f, 0xaa, 0xbd,
    0x17, 0x0b, 0x5f, 0xbd, 0x96, 0x14, 0x04, 0xbd, 0x15, 0x2a, 0x25, 0x3e,
    0x6c, 0x41, 0x0b, 0x3d, 0x02, 0xd1, 0xd4, 0xbd, 0x6a, 0x9a, 0x3f, 0x3d,
    0x29, 0xf0, 0x7c, 0xbe, 0x42, 0x9d, 0x47, 0x3d, 0x70, 0x96, 0xbf, 0xbd,
    0xe7, 0x59, 0x95, 0xbd, 0x58, 0x38, 0xe5, 0x3c, 0x50, 0x55, 0x2c, 0x3d,
    0xe5, 0x68, 0x2e, 0xbd, 0xfc, 0xa9, 0xea, 0x3d, 0xc4, 0x4b, 0x11, 0x3e,
    0x21, 0x5d, 0x92, 0xbe, 0x97, 0xb4, 0x0b, 0x3e, 0xab, 0x0f, 0x78, 0x3d,
    0x69, 0xcb, 0x9f, 0x3d, 0x0b, 0x3b, 0xca, 0xbd, 0xeb, 0x4c, 0x0c, 0xbe,
    0xd0, 0x12, 0x0a, 0xbe, 0x61, 0x14, 0xdc, 0x3d, 0x95, 0x4c, 0x1d, 0x3d,
    0x62, 0x6d, 0x64, 0x3d, 0x00, 0x8d, 0xbc, 0xbc, 0xe1, 0xec, 0x0f, 0x3e,
    0xdc, 0x1d, 0xc6, 0x3e, 0x6f, 0x79, 0x51, 0x3e, 0x55, 0x8b, 0xf0, 0x3d,
    0xc9, 0x51, 0x81, 0xbe, 0x2a, 0x83, 0x46, 0xbd, 0xd0, 0x9f, 0x96, 0xbd,
    0x07, 0x22, 0x02, 0xbd, 0x6e, 0x95, 0x07, 0xbe, 0x66, 0xd4, 0xd7, 0xbd,
    0x9d, 0x76, 0x03, 0x3e, 0x32, 0xe2, 0x8c, 0xbc, 0xe3, 0xaf, 0x6d, 0x3e,
    0x8b, 0xff, 0x19, 0xbe, 0x69, 0x98, 0xc8, 0x3b, 0x68, 0x81, 0x44, 0xbd,
    0x1e, 0x2c, 0x0b, 0xbd, 0x7e, 0x8c, 0x5f, 0xbe, 0xf9, 0x93, 0xa3, 0xbd,
    0x8d, 0x68, 0x41, 0xbd, 0x13, 0x20, 0x26, 0x3d, 0xe8, 0x46, 0x5b, 0x3f,
    0x3e, 0xde, 0x06, 0x3d, 0xbd, 0x12, 0x06, 0x3d, 0xd5, 0x69, 0x1f, 0x3e,
    0xaa, 0x5d, 0x9b, 0x3d, 0xed, 0x55, 0x8a, 0xbe, 0x0a, 0xe1, 0xa7, 0x3d,
    0xd3, 0x17, 0x0e, 0x3e, 0x1a, 0x8f, 0xae, 0xbd, 0xc2, 0x75, 0x41, 0x3d,
    0x92, 0x34, 0xeb, 0x3d, 0xeb, 0xf8, 0x82, 0xbe, 0x1a, 0x42, 0x69, 0x3e,
    0x09, 0x45, 0x23, 0xbe, 0x84, 0x2b, 0xe0, 0xbd, 0x70, 0xb5, 0xe7, 0xbd,
    0x68, 0x14, 0xbd, 0xbc, 0x24, 0x23, 0xf8, 0xbd, 0x79, 0xf2, 0x3a, 0x3d,
    0x5c, 0xc2, 0x98, 0xbc, 0xcc, 0x08, 0xd6, 0x3d, 0x8c, 0x48, 0xac, 0xbd,
    0x0f, 0x86, 0xe5, 0xba, 0xfb, 0xd8, 0x26, 0xbc, 0xe6, 0xcb, 0xf8, 0xbd,
    0xae, 0x44, 0xb4, 0x3e, 0x99, 0xe3, 0x8c, 0xbc, 0xdb, 0xdb, 0x80, 0x3d,
    0xf7, 0x3f, 0xb2, 0xbd, 0xd4, 0x99, 0x87, 0x3e, 0x7e, 0x9d, 0x5f, 0x3d,
    0xe7, 0x54, 0x1e, 0x3e, 0x80, 0xb6, 0x9c, 0xbd, 0xd4, 0x28, 0x0e, 0x3e,
    0x77, 0xb6, 0x51, 0xbd, 0x2c, 0xde, 0xab, 0x3e, 0x87, 0x50, 0xc1, 0xbd,
    0x70, 0x9d, 0x97, 0xbd, 0x8d, 0x01, 0x43, 0xbe, 0x0f, 0x8a, 0x08, 0x3e,
    0xed, 0xe5, 0x26, 0x3d, 0x6f, 0x5e, 0xe6, 0xbd, 0x5a, 0xd1, 0x04, 0xbe,
    0x3c, 0xdc, 0x30, 0xbe, 0x9b, 0xe0, 0xbd, 0xbb, 0xe3, 0x37, 0x9c, 0xbb,
    0xe2, 0xbf, 0xa6, 0xbd, 0xd9, 0xf4, 0xa5, 0xbe, 0xc6, 0xbd, 0x41, 0xbe,
    0x31, 0x6b, 0x63, 0xbe, 0xe6, 0xbd, 0x13, 0x3e, 0x8c, 0xe1, 0xde, 0xbb,
    0x1f, 0x23, 0x56, 0xbc, 0x4e, 0xa1, 0x14, 0xbe, 0x98, 0x5b, 0x67, 0xbc,
    0xa4, 0x4b, 0xbd, 0xbc, 0x0b, 0x78, 0xb2, 0xbc, 0x7b, 0x6a, 0x69, 0xbd,
    0x48, 0x93, 0x65, 0x3d, 0x86, 0xb4, 0xd0, 0xbc, 0xb9, 0xd1, 0xc7, 0x3c,
    0x80, 0x7b, 0x06, 0xbc, 0xbe, 0x10, 0xf5, 0x3c, 0x3a, 0x2c, 0x63, 0xbc,
    0x92, 0xad, 0x21, 0xbc, 0x2a, 0x08, 0x9c, 0xbc, 0x33, 0xf2, 0x7b, 0x3c,
    0xe0, 0x92, 0x3e, 0x3c, 0x49, 0x3a, 0x37, 0xbc, 0x6f, 0x0d, 0x43, 0x3c,
    0xee, 0x99, 0x3b, 0xbc, 0x96, 0x2e, 0x4c, 0x3d, 0x98, 0x5e, 0xaf, 0x3c,
    0x30, 0x05, 0x2c, 0xbd, 0x6c, 0xbb, 0xc9, 0xbd, 0x19, 0xa0, 0xff, 0x3c,
    0xca, 0xff, 0x85, 0xbc, 0x83, 0x46, 0x94, 0x3c, 0xf2, 0x30, 0x4b, 0x3c,
    0xf6, 0x59, 0xb0, 0xbd, 0x6d, 0x25, 0x97, 0x3c, 0xfc, 0x0c, 0x99, 0x3b,
    0xbc, 0x8b, 0x57, 0x3c, 0x0d, 0x1c, 0x3b, 0x3e, 0xe7, 0x89, 0xfa, 0x3d,
    0x25, 0x4a, 0x17, 0x3e, 0x1b, 0xbe, 0x35, 0xbd, 0x58, 0x35, 0x12, 0xbe,
    0x93, 0x8a, 0xba, 0xbe, 0x51, 0xbd, 0xe2, 0x3e, 0xc4, 0x99, 0x00, 0xbc,
    0x29, 0x04, 0x14, 0x3e, 0x7a, 0x88, 0x93, 0x3d, 0xf4, 0x5a, 0x7e, 0xbe,
    0xfa, 0x08, 0x3d, 0x3e, 0x93, 0xd0, 0xbc, 0xbd, 0xef, 0xc6, 0xe2, 0x3c,
    0x6b, 0xb3, 0x73, 0x3e, 0x3b, 0x7e, 0x2e, 0xbe, 0xcb, 0x9c, 0x04, 0x3f,
    0x5b, 0x13, 0xd7, 0x3d, 0x1d, 0xd7, 0x14, 0x3d, 0xe5, 0xf3, 0x80, 0x3e,
    0x15, 0x69, 0x61, 0xbe, 0x0d, 0x60, 0x38, 0x3c, 0xb5, 0x7a, 0xaf, 0xbe,
    0xc5, 0xc8, 0xab, 0xbd, 0xb6, 0xba, 0x89, 0xbc, 0x8e, 0x5a, 0x45, 0x3e,
    0x33, 0x34, 0x08, 0x3d, 0xa5, 0x30, 0x27, 0xbe, 0xc3, 0x48, 0x8f, 0xbe,
    0x87, 0xb8, 0xa9, 0x3b, 0xa0, 0xea, 0xf0, 0x3e, 0x35, 0x73, 0x78, 0xbe,
    0x2d, 0xee, 0x84, 0x3d, 0x14, 0x2f, 0x71, 0xbd, 0xe0, 0xb0, 0xcd, 0xbb,
    0x3f, 0x9d, 0x40, 0xbd, 0x79, 0x82, 0x81, 0x3e, 0xad, 0x90, 0x01, 0xbe,
    0x4c, 0xb9, 0x0a, 0xbc, 0x27, 0x3a, 0xe5, 0x3c, 0xd6, 0x8c, 0x9d, 0x3d,
    0xe1, 0x13, 0x66, 0xbe, 0xcc, 0xb5, 0xcc, 0xbd, 0x91, 0xc3, 0x7d, 0xbd,
    0xe4, 0x1c, 0x09, 0x3e, 0x2c, 0xa5, 0x5a, 0x3f, 0xce, 0xe0, 0x94, 0xbc,
    0xdd, 0xd4, 0x9e, 0xbd, 0xb7, 0x1c, 0x11, 0x3e, 0x48, 0x50, 0xbd, 0x3d,
    0x15, 0x74, 0x2c, 0xbe, 0x98, 0x80, 0x30, 0x3c, 0x6f, 0xfb, 0x2c, 0x3d,
    0xad, 0x64, 0xd9, 0xbd, 0x39, 0xef, 0x0a, 0xbd, 0xb2, 0x47, 0xda, 0x3d,
    0xf0, 0x39, 0x84, 0xbe, 0xf0, 0x8b, 0x81, 0x3e, 0x8a, 0xd8, 0xfc, 0xbd,
    0x89, 0xb9, 0x6a, 0xbd, 0x50, 0xb4, 0x6f, 0xbd, 0xa4, 0x1e, 0x2a, 0xbd,
    0xe1, 0x94, 0x22, 0xbe, 0x98, 0xc1, 0xb5, 0x3c, 0xdc, 0xe2, 0x7e, 0x3d,
    0x2e, 0xa8, 0xd4, 0x3c, 0x82, 0xc3, 0x80, 0x3d, 0x31, 0x14, 0x5d, 0x3d,
    0x38, 0x5f, 0x82, 0xbe, 0x07, 0x39, 0x65, 0xbb, 0x10, 0xbe, 0x6e, 0xbd,
    0x28, 0xa9, 0x05, 0xbe, 0x6a, 0xe5, 0x08, 0x3e, 0x51, 0x02, 0x83, 0x3d,
    0x20, 0xd2, 0x96, 0xbd, 0xa7, 0x8e, 0x09, 0x3e, 0x44, 0xd3, 0xbf, 0xba,
    0xa4, 0x18, 0x81, 0xbe, 0x95, 0x96, 0x3d, 0x3e, 0x67, 0x83, 0xff, 0xbc,
    0x6c, 0x9f, 0xab, 0x3d, 0x4a, 0x92, 0x91, 0xbd, 0xb9, 0xcd, 0x16, 0xbe,
    0x6c, 0x15, 0xbb, 0xbd, 0x6c, 0x76, 0x15, 0x3e, 0xbf, 0xcb, 0xaa, 0xbc,
    0x58, 0x6c, 0x50, 0x3d, 0xb0, 0x82, 0x30, 0xbe, 0x38, 0x77, 0xf3, 0x3d,
    0xd2, 0x7f, 0xa1, 0x3e, 0xbe, 0x3c, 0x62, 0x3e, 0x40, 0xe1, 0x90, 0x3d,
    0xc7, 0x4b, 0xa6, 0xbe, 0xbd, 0x53, 0x85, 0x3d, 0x75, 0xb6, 0x04, 0xbe,
    0xe4, 0xdb, 0xc3, 0x3b, 0xaa, 0xcb, 0xb9, 0xbd, 0x47, 0x5e, 0xab, 0x3d,
    0x80, 0x2f, 0x1b, 0xbe, 0x02, 0x4c, 0x87, 0x3d, 0x0c, 0xc7, 0x95, 0xbe,
    0xe3, 0x0f, 0x8d, 0x3d, 0x3a, 0x0f, 0x48, 0xbd, 0x36, 0xef, 0x88, 0xbd,
    0x2e, 0x23, 0x17, 0x3e, 0x1e, 0x5f, 0xba, 0x3c, 0x67, 0x54, 0x98, 0xbd,
    0x91, 0xe5, 0x08, 0x3e, 0xc2, 0x0c, 0x4c, 0xba, 0x34, 0x9c, 0x52, 0xbe,
    0x68, 0x92, 0x39, 0x3e, 0x6b, 0x7b, 0x96, 0xbc, 0xba, 0x7c, 0x67, 0x3c,
    0xa4, 0x9e, 0x55, 0xbe, 0x7c, 0x51, 0x8d, 0xbd, 0x1b, 0xd0, 0xbe, 0xbd,
    0x71, 0x75, 0x16, 0x3e, 0x7e, 0x94, 0x4d, 0x3c, 0x68, 0x50, 0xc9, 0xbb,
    0x66, 0xf9, 0x72, 0xbd, 0xfb, 0xc0, 0xf7, 0x3d, 0x3d, 0x11, 0xaf, 0x3e,
    0x57, 0x84, 0x2f, 0x3e, 0xde, 0x54, 0x90, 0xbd, 0x33, 0xbf, 0x37, 0xbe,
    0xc3, 0xaf, 0x87, 0xbd, 0xb7, 0xeb, 0xf5, 0xbd, 0x95, 0xaa, 0x26, 0xbc,
    0xce, 0x90, 0x11, 0xbe, 0x98, 0xd4, 0xa5, 0x3d, 0x84, 0xd8, 0x12, 0x3d,
    0xec, 0x0c, 0xe7, 0xbc, 0xed, 0x38, 0xd3, 0x3d, 0x7a, 0xa8, 0xae, 0xbd,
    0xae, 0xc4, 0xd9, 0x3e, 0x87, 0x0e, 0x59, 0x3c, 0x46, 0xd8, 0x86, 0x3d,
    0xdd, 0xf8, 0x0f, 0xbd, 0xa8, 0x5d, 0x90, 0x3e, 0x1c, 0x61, 0xdc, 0xbb,
    0x5b, 0x99, 0x36, 0x3e, 0xb0, 0xa7, 0x28, 0x37, 0x7e, 0xfe, 0xb6, 0xbd,
    0xed, 0x79, 0xb0, 0xbd, 0x86, 0xf2, 0x79, 0x3e, 0x64, 0xd3, 0x59, 0x3c,
    0x6d, 0xc4, 0x9d, 0x3d, 0xa7, 0x68, 0x2b, 0xbe, 0x83, 0x1f, 0x2d, 0x3b,
    0x9b, 0xfa, 0xd6, 0xbb, 0xb8, 0xc7, 0x64, 0xbe, 0x60, 0x01, 0x24, 0xbe,
    0xf7, 0x19, 0xc7, 0xbd, 0xfe, 0xb6, 0x32, 0xbe, 0x5d, 0x6b, 0x0c, 0x3e,
    0xe7, 0xc6, 0x20, 0xbd, 0x7e, 0x05, 0x6f, 0xbe, 0xb6, 0x0e, 0x98, 0xbc,
    0xfd, 0x5b, 0x0f, 0xbe, 0x53, 0xaf, 0x4f, 0x3e, 0x6b, 0xb5, 0x1a, 0x3e,
    0x9b, 0x1c, 0x93, 0x3d, 0x11, 0x20, 0x05, 0x3e, 0x81, 0xba, 0x2e, 0xbd,
    0x2f, 0x4c, 0x35, 0x3e, 0x85, 0x3d, 0x4f, 0xbd, 0xf8, 0xaa, 0xc5, 0x3e,
    0x54, 0x89, 0x04, 0x3d, 0x33, 0xe7, 0x57, 0x3d, 0xa7, 0x8f, 0x7a, 0xbd,
    0x88, 0xa9, 0xa3, 0x3e, 0xcf, 0x76, 0xd7, 0xbc, 0x75, 0xf9, 0xa8, 0x3e,
    0xe2, 0xd1, 0x5e, 0xbd, 0x80, 0x3a, 0x47, 0xbc, 0xcf, 0x10, 0xe4, 0xbc,
    0xd9, 0xd8, 0x8f, 0x3e, 0x8b, 0x7b, 0x91, 0x3a, 0x89, 0x08, 0x38, 0xbe,
    0x22, 0x6b, 0x7f, 0xbe, 0xa8, 0xeb, 0xa6, 0xbd, 0x3b, 0x71, 0xc9, 0x3c,
    0xa1, 0x9a, 0x4c, 0xbe, 0x66, 0xdd, 0xd0, 0x3d, 0x82, 0x47, 0xd3, 0xbd,
    0x4c, 0x64, 0x01, 0xbe, 0x85, 0x3e, 0x0a, 0xbd, 0xee, 0xfe, 0xa6, 0xba,
    0x7b, 0xa4, 0x53, 0xbe, 0x20, 0xed, 0x42, 0x3c, 0x58, 0x14, 0xe1, 0xbd,
    0x1d, 0x97, 0x25, 0x3e, 0x53, 0xb0, 0x2c, 0xbe, 0xfe, 0x8a, 0xc8, 0x3d,
    0xad, 0xa6, 0xc2, 0xbd, 0xab, 0x12, 0x88, 0x3d, 0x11, 0x6a, 0x93, 0xbe,
    0xd8, 0xdd, 0xb1, 0x3d, 0x30, 0xce, 0xa2, 0xbd, 0x86, 0xb4, 0xb6, 0xbd,
    0x54, 0x3b, 0xdd, 0x3d, 0x0a, 0x54, 0xd0, 0x3b, 0x6c, 0x6f, 0x69, 0xbd,
    0xbe, 0xc0, 0xac, 0x3d, 0xf2, 0x88, 0x07, 0x3e, 0x5e, 0xa3, 0x5c, 0xbe,
    0xfc, 0x58, 0x02, 0x3e, 0x18, 0x8b, 0x81, 0x3d, 0x93, 0xbc, 0xb1, 0x3c,
    0x27, 0x56, 0x67, 0xbe, 0x1f, 0xc1, 0x18, 0xbe, 0x4f, 0x88, 0x50, 0xbd,
    0x20, 0x3e, 0xee, 0x3d, 0x6f, 0xd9, 0x96, 0x3d, 0x99, 0x20, 0x90, 0xbc,
    0x10, 0x85, 0x46, 0x3d, 0x02, 0x30, 0x30, 0x3e, 0x84, 0xd0, 0xb0, 0x3e,
    0x91, 0x07, 0x19, 0x3e, 0x2c, 0x64, 0x91, 0x3d, 0xfc, 0x2e, 0x60, 0xbe,
    0x45, 0x14, 0xea, 0xbd, 0xc8, 0x5e, 0x96, 0xbd, 0x08, 0xb4, 0xf1, 0xbc,
    0xce, 0xe2, 0x29, 0x3e, 0x60, 0xf3, 0x56, 0x3e, 0x40, 0x88, 0x67, 0x3b,
    0x83, 0x1f, 0x66, 0x3e, 0x78, 0xc7, 0x81, 0xbe, 0x72, 0x58, 0x51, 0x3d,
    0xe1, 0xc5, 0xb7, 0x3d, 0x54, 0xb8, 0x37, 0x3e, 0xfb, 0xcd, 0xca, 0x3d,
    0xd7, 0x2e, 0xb3, 0xbc, 0xe1, 0x24, 0x9e, 0x3d, 0x82, 0xf4, 0x64, 0xbe,
    0x48, 0xd7, 0x17, 0xbf, 0xe8, 0xcf, 0x96, 0xbe, 0x40, 0xcf, 0xc2, 0xbd,
    0xf4, 0x07, 0x20, 0x3e, 0xb5, 0x54, 0xdd, 0xbe, 0x51, 0x1a, 0x92, 0x3e,
    0x4b, 0x45, 0x23, 0xbe, 0x58, 0xac, 0xe8, 0xbc, 0xa8, 0x6e, 0x26, 0x3e,
    0x00, 0xfd, 0x0d, 0x3e, 0xec, 0x7f, 0x53, 0x3e, 0xce, 0x62, 0xea, 0x3d,
    0x8e, 0x2e, 0x8e, 0x3e, 0x08, 0xcd, 0x4f, 0x3d, 0x6a, 0x21, 0xab, 0x3d,
    0x49, 0xbf, 0xb9, 0x3c, 0xf0, 0x8a, 0x64, 0x3d, 0xea, 0xa2, 0xe8, 0x3b,
    0x86, 0x9f, 0x3c, 0x3c, 0xe0, 0x0e, 0x74, 0xbe, 0x5b, 0x6f, 0xac, 0x3c,
    0x0e, 0x3d, 0x56, 0x3e, 0x00, 0xb8, 0x0b, 0xbc, 0x07, 0x0e, 0x81, 0x3e,
    0xae, 0xd9, 0xa6, 0xbe, 0x9e, 0xbf, 0x26, 0x3e, 0xcd, 0xc3, 0x9d, 0xbd,
    0x2c, 0xe8, 0x39, 0x3e, 0x6d, 0xcc, 0x56, 0x3e, 0xea, 0xb2, 0xdd, 0xbd,
    0x9f, 0x91, 0x27, 0x3d, 0x67, 0x47, 0x82, 0xbe, 0x40, 0x34, 0xbc, 0xbe,
    0x28, 0x35, 0xbc, 0xbe, 0x59, 0x90, 0x1d, 0xbe, 0xc4, 0x45, 0x83, 0x3e,
    0xe6, 0x11, 0xeb, 0xbe, 0x5d, 0xaf, 0xd6, 0x3d, 0x4c, 0xbb, 0x6a, 0xbe,
    0x25, 0xc7, 0x95, 0xbc, 0x4e, 0xa4, 0x0a, 0x3e, 0x62, 0x66, 0x79, 0x3e,
    0xef, 0xdd, 0xdd, 0x3d, 0x9e, 0xb2, 0xbc, 0x3d, 0x00, 0x70, 0xb6, 0x3e,
    0xed, 0x9e, 0x32, 0xbd, 0x1c, 0xfc, 0x97, 0xbe, 0x6c, 0x33, 0x86, 0xbd,
    0xac, 0xa8, 0xa1, 0xbc, 0x2c, 0x19, 0x42, 0x3d, 0x27, 0x75, 0x2a, 0x3e,
    0xc7, 0x79, 0x38, 0xbe, 0x29, 0x6c, 0x8d, 0xbd, 0xe9, 0x40, 0x37, 0x3e,
    0x83, 0x20, 0x30, 0x3e, 0x3f, 0x3c, 0x49, 0x3e, 0xa7, 0x36, 0x8e, 0xbe,
    0x3d, 0xa9, 0xbf, 0x3d, 0xab, 0x70, 0xe2, 0x3d, 0x44, 0xd0, 0x30, 0x3e,
    0x6f, 0xaa, 0x2f, 0x3e, 0x1a, 0x6b, 0x83, 0xbd, 0x68, 0xad, 0x80, 0x3b,
    0x29, 0x60, 0x65, 0xbe, 0x55, 0x39, 0x0e, 0xbf, 0x62, 0x78, 0x7d, 0xbe,
    0x1a, 0x2f, 0x18, 0xbe, 0x5a, 0x96, 0x1e, 0x3e, 0x74, 0x1d, 0xe6, 0xbe,
    0x9c, 0x8a, 0x02, 0x3e, 0xa8, 0x6e, 0x3e, 0xbd, 0x07, 0x88, 0x9b, 0xbc,
    0x9d, 0xba, 0x03, 0x3e, 0x3c, 0xfc, 0x12, 0x3e, 0x27, 0xb4, 0x53, 0x3e,
    0x52, 0xd5, 0x83, 0xbd, 0xb3, 0xaf, 0xa3, 0x3e, 0x84, 0xc4, 0x6a, 0xbd,
    0xdd, 0x9c, 0x9a, 0xbd, 0xa9, 0x26, 0xbf, 0xbc, 0x40, 0x01, 0x8c, 0x3d,
    0x49, 0x41, 0x12, 0x3d, 0xfe, 0x6e, 0x9f, 0x3d, 0x88, 0xce, 0x16, 0xbe,
    0x8b, 0x03, 0x35, 0x3e, 0x4e, 0xfe, 0xff, 0xff, 0x04, 0x00, 0x00, 0x00,
    0xe0, 0x00, 0x00, 0x00, 0x59, 0x01, 0x0f, 0xbe, 0xbf, 0x32, 0x75, 0xbe,
    0x8a, 0x4c, 0x24, 0xbe, 0xd6, 0xf6, 0x31, 0xbe, 0x58, 0x36, 0xa6, 0x3d,
    0x38, 0x85, 0xf4, 0xbd, 0x44, 0x93, 0x62, 0xbd, 0x16, 0x04, 0x32, 0xbd,
    0x4b, 0x85, 0x39, 0x3c, 0x8b, 0xeb, 0x09, 0xbe, 0x50, 0x37, 0xbd, 0x3c,
    0xd3, 0xa9, 0x5e, 0xbe, 0x02, 0xd9, 0xa5, 0x3c, 0x41, 0xd6, 0x58, 0xbe,
    0xdb, 0x9c, 0x2a, 0xbe, 0x62, 0xf1, 0x21, 0xbe, 0xde, 0x8a, 0xbb, 0xbf,
    0x86, 0xc4, 0xa7, 0xbe, 0x2e, 0xf1, 0x57, 0xbe, 0x7e, 0x11, 0x7a, 0xbe,
    0x37, 0x18, 0xf3, 0xbe, 0x03, 0x3c, 0x4a, 0xbe, 0x26, 0x1d, 0xa7, 0x3e,
    0x39, 0x5d, 0xfa, 0x3e, 0x65, 0xba, 0xff, 0x3e, 0x4c, 0x37, 0x80, 0xbe,
    0xc2, 0x1e, 0xce, 0xba, 0x4f, 0xcc, 0xc6, 0xbc, 0xb2, 0x51, 0x35, 0xbe,
    0xcd, 0x1b, 0x28, 0x3f, 0x02, 0x86, 0xa4, 0x3d, 0x68, 0x8e, 0x44, 0xbe,
    0x31, 0xf1, 0x29, 0x3f, 0x2b, 0xce, 0x16, 0xbe, 0xe3, 0x87, 0x58, 0x3d,
    0xad, 0x86, 0xe4, 0x3a, 0x7b, 0x11, 0xab, 0xbd, 0x93, 0x90, 0x05, 0x3f,
    0xef, 0xa7, 0x0a, 0xbf, 0xce, 0xd3, 0xbe, 0xbe, 0x6e, 0x1e, 0xb7, 0xbe,
    0xad, 0x54, 0x59, 0xbe, 0x2d, 0xa8, 0x8b, 0xbd, 0xa6, 0x50, 0x14, 0xbe,
    0xb2, 0x33, 0x91, 0xbe, 0x5c, 0x62, 0x36, 0x3d, 0xcb, 0x34, 0xc8, 0x3e,
    0x70, 0x4f, 0x30, 0x3d, 0x60, 0xcf, 0x45, 0xbb, 0xf6, 0xe5, 0x30, 0xbd,
    0xab, 0x0a, 0x7e, 0xbe, 0xa1, 0x4e, 0x97, 0xbe, 0x21, 0xd3, 0x3f, 0x3b,
    0xf8, 0xa9, 0x81, 0xbe, 0x66, 0x5b, 0x3f, 0xbd, 0xb3, 0x47, 0x26, 0xbe,
    0x3a, 0xff, 0xff, 0xff, 0x04, 0x00, 0x00, 0x00, 0x40, 0x00, 0x00, 0x00,
    0x37, 0xee, 0xef, 0x3d, 0x0b, 0x5c, 0x95, 0x3e, 0x37, 0x44, 0x2a, 0x3e,
    0x9a, 0x66, 0x85, 0x3e, 0xe6, 0xd9, 0xbc, 0x3e, 0xc3, 0xd2, 0xc0, 0x3c,
    0x35, 0x39, 0x04, 0xbe, 0x08, 0xdc, 0x82, 0x3d, 0x08, 0xe4, 0x54, 0x3e,
    0x32, 0xa8, 0x32, 0x3e, 0xcf, 0xf6, 0x23, 0x3e, 0x01, 0x40, 0x15, 0xbe,
    0xe5, 0x62, 0x64, 0x3e, 0xfe, 0xb3, 0x91, 0xbd, 0x9c, 0xe9, 0xf3, 0x3c,
    0x95, 0x43, 0x32, 0x3e, 0x86, 0xff, 0xff, 0xff, 0x04, 0x00, 0x00, 0x00,
    0x20, 0x00, 0x00, 0x00, 0x67, 0xd5, 0x4c, 0xbe, 0x4f, 0xa7, 0xb4, 0x3a,
    0x7b, 0x27, 0x26, 0x3f, 0xca, 0x27, 0x15, 0xbe, 0x2f, 0x69, 0x13, 0xbc,
    0x23, 0x98, 0xde, 0x3c, 0x5b, 0x09, 0x19, 0xbe, 0x94, 0x72, 0xcb, 0xbd,
    0xb2, 0xff, 0xff, 0xff, 0x04, 0x00, 0x00, 0x00, 0x40, 0x00, 0x00, 0x00,
    0x68, 0x3f, 0xb0, 0x3e, 0xd7, 0x45, 0xad, 0x3d, 0xab, 0x24, 0xbd, 0xbe,
    0xae, 0x32, 0x35, 0xbf, 0xb2, 0xf3, 0xad, 0x3e, 0x39, 0xf4, 0x0d, 0xc0,
    0x78, 0x6d, 0x36, 0xbf, 0x95, 0xf2, 0x01, 0x3f, 0x40, 0x5b, 0xa0, 0xbf,
    0xe2, 0xc2, 0xe4, 0x3e, 0x2c, 0x82, 0x20, 0xbf, 0x66, 0xaf, 0x89, 0xbe,
    0x60, 0x1f, 0x0d, 0xbe, 0x5e, 0x05, 0x83, 0xbf, 0x22, 0xa5, 0xc1, 0x3d,
    0x2a, 0x3b, 0xc4, 0xbe, 0x00, 0x00, 0x06, 0x00, 0x08, 0x00, 0x04, 0x00,
    0x06, 0x00, 0x00, 0x00, 0x04, 0x00, 0x00, 0x00, 0x80, 0x00, 0x00, 0x00,
    0x20, 0x23, 0x2f, 0xbe, 0x60, 0x8d, 0x79, 0x3c, 0x43, 0x80, 0x2d, 0x3f,
    0x61, 0x98, 0x8c, 0xbe, 0x26, 0xe3, 0xf3, 0x3e, 0x63, 0x34, 0x49, 0xbe,
    0x4e, 0x24, 0x85, 0xbf, 0xf8, 0xe3, 0x35, 0xbf, 0x09, 0xe5, 0xac, 0x3e,
    0x57, 0xa8, 0x72, 0x3f, 0x38, 0xa3, 0x76, 0xbe, 0x91, 0x32, 0x83, 0xbe,
    0xa8, 0x4d, 0x20, 0x3f, 0x2c, 0x54, 0x63, 0xbd, 0x50, 0x93, 0x44, 0xbe,
    0x10, 0x02, 0x60, 0x3e, 0x98, 0x30, 0x60, 0x3e, 0xc1, 0x2e, 0x90, 0x3e,
    0xfd, 0x6e, 0x61, 0xbf, 0xc3, 0x6e, 0xf8, 0x3e, 0x6b, 0x13, 0xc1, 0xbe,
    0x27, 0xab, 0xe0, 0x3e, 0x06, 0xc6, 0x27, 0xbe, 0x9d, 0x77, 0xa6, 0x3d,
    0x7d, 0xe1, 0x19, 0x3f, 0x44, 0x54, 0x96, 0xbf, 0x27, 0x04, 0x4a, 0x3e,
    0xf0, 0x5e, 0x27, 0x3e, 0x20, 0x68, 0x3f, 0x3e, 0x45, 0xb6, 0x35, 0xbf,
    0xcf, 0x48, 0x2c, 0x3d, 0x2a, 0x72, 0x0d, 0xbe, 0xa4, 0xf4, 0xff, 0xff,
    0xa8, 0xf4, 0xff, 0xff, 0x0f, 0x00, 0x00, 0x00, 0x4d, 0x4c, 0x49, 0x52,
    0x20, 0x43, 0x6f, 0x6e, 0x76, 0x65, 0x72, 0x74, 0x65, 0x64, 0x2e, 0x00,
    0x01, 0x00, 0x00, 0x00, 0x14, 0x00, 0x00, 0x00, 0x00, 0x00, 0x0e, 0x00,
    0x18, 0x00, 0x14, 0x00, 0x10, 0x00, 0x0c, 0x00, 0x08, 0x00, 0x04, 0x00,
    0x0e, 0x00, 0x00, 0x00, 0x14, 0x00, 0x00, 0x00, 0x1c, 0x00, 0x00, 0x00,
    0x90, 0x01, 0x00, 0x00, 0x94, 0x01, 0x00, 0x00, 0x98, 0x01, 0x00, 0x00,
    0x04, 0x00, 0x00, 0x00, 0x6d, 0x61, 0x69, 0x6e, 0x00, 0x00, 0x00, 0x00,
    0x06, 0x00, 0x00, 0x00, 0x38, 0x01, 0x00, 0x00, 0xf0, 0x00, 0x00, 0x00,
    0xa8, 0x00, 0x00, 0x00, 0x70, 0x00, 0x00, 0x00, 0x38, 0x00, 0x00, 0x00,
    0x04, 0x00, 0x00, 0x00, 0x32, 0xff, 0xff, 0xff, 0x10, 0x00, 0x00, 0x00,
    0x00, 0x00, 0x00, 0x08, 0x0c, 0x00, 0x00, 0x00, 0x10, 0x00, 0x00, 0x00,
    0x2c, 0xf5, 0xff, 0xff, 0x01, 0x00, 0x00, 0x00, 0x12, 0x00, 0x00, 0x00,
    0x03, 0x00, 0x00, 0x00, 0x11, 0x00, 0x00, 0x00, 0x06, 0x00, 0x00, 0x00,
    0x05, 0x00, 0x00, 0x00, 0x62, 0xff, 0xff, 0xff, 0x10, 0x00, 0x00, 0x00,
    0x00, 0x00, 0x00, 0x08, 0x10, 0x00, 0x00, 0x00, 0x14, 0x00, 0x00, 0x00,
    0x0e, 0xff, 0xff, 0xff, 0x00, 0x00, 0x00, 0x01, 0x01, 0x00, 0x00, 0x00,
    0x11, 0x00, 0x00, 0x00, 0x03, 0x00, 0x00, 0x00, 0x10, 0x00, 0x00, 0x00,
    0x07, 0x00, 0x00, 0x00, 0x01, 0x00, 0x00, 0x00, 0x96, 0xff, 0xff, 0xff,
    0x10, 0x00, 0x00, 0x00, 0x00, 0x00, 0x00, 0x08, 0x10, 0x00, 0x00, 0x00,
    0x14, 0x00, 0x00, 0x00, 0x42, 0xff, 0xff, 0xff, 0x00, 0x00, 0x00, 0x01,
    0x01, 0x00, 0x00, 0x00, 0x10, 0x00, 0x00, 0x00, 0x03, 0x00, 0x00, 0x00,
    0x0f, 0x00, 0x00, 0x00, 0x08, 0x00, 0x00, 0x00, 0x02, 0x00, 0x00, 0x00,
    0xca, 0xff, 0xff, 0xff, 0x10, 0x00, 0x00, 0x00, 0x00, 0x00, 0x00, 0x08,
    0x10, 0x00, 0x00, 0x00, 0x14, 0x00, 0x00, 0x00, 0x76, 0xff, 0xff, 0xff,
    0x00, 0x00, 0x00, 0x01, 0x01, 0x00, 0x00, 0x00, 0x0f, 0x00, 0x00, 0x00,
    0x03, 0x00, 0x00, 0x00, 0x0e, 0x00, 0x00, 0x00, 0x09, 0x00, 0x00, 0x00,
    0x03, 0x00, 0x00, 0x00, 0x00, 0x00, 0x0e, 0x00, 0x14, 0x00, 0x00, 0x00,
    0x10, 0x00, 0x0c, 0x00, 0x0b, 0x00, 0x04, 0x00, 0x0e, 0x00, 0x00, 0x00,
    0x10, 0x00, 0x00, 0x00, 0x00, 0x00, 0x00, 0x08, 0x10, 0x00, 0x00, 0x00,
    0x14, 0x00, 0x00, 0x00, 0xba, 0xff, 0xff, 0xff, 0x00, 0x00, 0x00, 0x01,
    0x01, 0x00, 0x00, 0x00, 0x0e, 0x00, 0x00, 0x00, 0x03, 0x00, 0x00, 0x00,
    0x0d, 0x00, 0x00, 0x00, 0x0a, 0x00, 0x00, 0x00, 0x04, 0x00, 0x00, 0x00,
    0x00, 0x00, 0x0e, 0x00, 0x16, 0x00, 0x00, 0x00, 0x10, 0x00, 0x0c, 0x00,
    0x0b, 0x00, 0x04, 0x00, 0x0e, 0x00, 0x00, 0x00, 0x18, 0x00, 0x00, 0x00,
    0x00, 0x00, 0x00, 0x08, 0x18, 0x00, 0x00, 0x00, 0x1c, 0x00, 0x00, 0x00,
    0x00, 0x00, 0x06, 0x00, 0x08, 0x00, 0x07, 0x00, 0x06, 0x00, 0x00, 0x00,
    0x00, 0x00, 0x00, 0x01, 0x01, 0x00, 0x00, 0x00, 0x0d, 0x00, 0x00, 0x00,
    0x03, 0x00, 0x00, 0x00, 0x00, 0x00, 0x00, 0x00, 0x0b, 0x00, 0x00, 0x00,
    0x0c, 0x00, 0x00, 0x00, 0x01, 0x00, 0x00, 0x00, 0x12, 0x00, 0x00, 0x00,
    0x01, 0x00, 0x00, 0x00, 0x00, 0x00, 0x00, 0x00, 0x13, 0x00, 0x00, 0x00,
    0x50, 0x09, 0x00, 0x00, 0xb8, 0x08, 0x00, 0x00, 0x20, 0x08, 0x00, 0x00,
    0xa0, 0x07, 0x00, 0x00, 0x20, 0x07, 0x00, 0x00, 0xc0, 0x06, 0x00, 0x00,
    0x5c, 0x06, 0x00, 0x00, 0x00, 0x06, 0x00, 0x00, 0xa4, 0x05, 0x00, 0x00,
    0x48, 0x05, 0x00, 0x00, 0xec, 0x04, 0x00, 0x00, 0x90, 0x04, 0x00, 0x00,
    0x10, 0x04, 0x00, 0x00, 0x54, 0x03, 0x00, 0x00, 0x98, 0x02, 0x00, 0x00,
    0xd8, 0x01, 0x00, 0x00, 0x1c, 0x01, 0x00, 0x00, 0x60, 0x00, 0x00, 0x00,
    0x04, 0x00, 0x00, 0x00, 0x12, 0xf7, 0xff, 0xff, 0x00, 0x00, 0x00, 0x01,
    0x14, 0x00, 0x00, 0x00, 0x1c, 0x00, 0x00, 0x00, 0x1c, 0x00, 0x00, 0x00,
    0x13, 0x00, 0x00, 0x00, 0x34, 0x00, 0x00, 0x00, 0x02, 0x00, 0x00, 0x00,
    0xff, 0xff, 0xff, 0xff, 0x38, 0x00, 0x00, 0x00, 0xfc, 0xf6, 0xff, 0xff,
    0x1b, 0x00, 0x00, 0x00, 0x53, 0x74, 0x61, 0x74, 0x65, 0x66, 0x75, 0x6c,
    0x50, 0x61, 0x72, 0x74, 0x69, 0x74, 0x69, 0x6f, 0x6e, 0x65, 0x64, 0x43,
    0x61, 0x6c, 0x6c, 0x5f, 0x31, 0x3a, 0x30, 0x00, 0x02, 0x00, 0x00, 0x00,
    0x01, 0x00, 0x00, 0x00, 0x38, 0x00, 0x00, 0x00, 0x6a, 0xf7, 0xff, 0xff,
    0x00, 0x00, 0x00, 0x01, 0x14, 0x00, 0x00, 0x00, 0x1c, 0x00, 0x00, 0x00,
    0x1c, 0x00, 0x00, 0x00, 0x12, 0x00, 0x00, 0x00, 0x94, 0x00, 0x00, 0x00,
    0x02, 0x00, 0x00, 0x00, 0xff, 0xff, 0xff, 0xff, 0x20, 0x00, 0x00, 0x00,
    0x54, 0xf7, 0xff, 0xff, 0x79, 0x00, 0x00, 0x00, 0x41, 0x75, 0x74, 0x6f,
    0x65, 0x6e, 0x63, 0x6f, 0x64, 0x65, 0x72, 0x4e, 0x65, 0x74, 0x5f, 0x44,
    0x65, 0x74, 0x65, 0x63, 0x74, 0x6f, 0x72, 0x5f, 0x31, 0x2f, 0x64, 0x65,
    0x63, 0x5f, 0x32, 0x5f, 0x31, 0x2f, 0x4d, 0x61, 0x74, 0x4d, 0x75, 0x6c,
    0x3b, 0x41, 0x75, 0x74, 0x6f, 0x65, 0x6e, 0x63, 0x6f, 0x64, 0x65, 0x72,
    0x4e, 0x65, 0x74, 0x5f, 0x44, 0x65, 0x74, 0x65, 0x63, 0x74, 0x6f, 0x72,
    0x5f, 0x31, 0x2f, 0x64, 0x65, 0x63, 0x5f, 0x32, 0x5f, 0x31, 0x2f, 0x52,
    0x65, 0x6c, 0x75, 0x3b, 0x41, 0x75, 0x74, 0x6f, 0x65, 0x6e, 0x63, 0x6f,
    0x64, 0x65, 0x72, 0x4e, 0x65, 0x74, 0x5f, 0x44, 0x65, 0x74, 0x65, 0x63,
    0x74, 0x6f, 0x72, 0x5f, 0x31, 0x2f, 0x64, 0x65, 0x63, 0x5f, 0x32, 0x5f,
    0x31, 0x2f, 0x42, 0x69, 0x61, 0x73, 0x41, 0x64, 0x64, 0x00, 0x00, 0x00,
    0x02, 0x00, 0x00, 0x00, 0x01, 0x00, 0x00, 0x00, 0x20, 0x00, 0x00, 0x00,
    0x22, 0xf8, 0xff, 0xff, 0x00, 0x00, 0x00, 0x01, 0x14, 0x00, 0x00, 0x00,
    0x1c, 0x00, 0x00, 0x00, 0x1c, 0x00, 0x00, 0x00, 0x11, 0x00, 0x00, 0x00,
    0x94, 0x00, 0x00, 0x00, 0x02, 0x00, 0x00, 0x00, 0xff, 0xff, 0xff, 0xff,
    0x10, 0x00, 0x00, 0x00, 0x0c, 0xf8, 0xff, 0xff, 0x79, 0x00, 0x00, 0x00,
    0x41, 0x75, 0x74, 0x6f, 0x65, 0x6e, 0x63, 0x6f, 0x64, 0x65, 0x72, 0x4e,
    0x65, 0x74, 0x5f, 0x44, 0x65, 0x74, 0x65, 0x63, 0x74, 0x6f, 0x72, 0x5f,
    0x31, 0x2f, 0x64, 0x65, 0x63, 0x5f, 0x31, 0x5f, 0x31, 0x2f, 0x4d, 0x61,
    0x74, 0x4d, 0x75, 0x6c, 0x3b, 0x41, 0x75, 0x74, 0x6f, 0x65, 0x6e, 0x63,
    0x6f, 0x64, 0x65, 0x72, 0x4e, 0x65, 0x74, 0x5f, 0x44, 0x65, 0x74, 0x65,
    0x63, 0x74, 0x6f, 0x72, 0x5f, 0x31, 0x2f, 0x64, 0x65, 0x63, 0x5f, 0x31,
    0x5f, 0x31, 0x2f, 0x52, 0x65, 0x6c, 0x75, 0x3b, 0x41, 0x75, 0x74, 0x6f,
    0x65, 0x6e, 0x63, 0x6f, 0x64, 0x65, 0x72, 0x4e, 0x65, 0x74, 0x5f, 0x44,
    0x65, 0x74, 0x65, 0x63, 0x74, 0x6f, 0x72, 0x5f, 0x31, 0x2f, 0x64, 0x65,
    0x63, 0x5f, 0x31, 0x5f, 0x31, 0x2f, 0x42, 0x69, 0x61, 0x73, 0x41, 0x64,
    0x64, 0x00, 0x00, 0x00, 0x02, 0x00, 0x00, 0x00, 0x01, 0x00, 0x00, 0x00,
    0x10, 0x00, 0x00, 0x00, 0xda, 0xf8, 0xff, 0xff, 0x00, 0x00, 0x00, 0x01,
    0x14, 0x00, 0x00, 0x00, 0x1c, 0x00, 0x00, 0x00, 0x1c, 0x00, 0x00, 0x00,
    0x10, 0x00, 0x00, 0x00, 0x98, 0x00, 0x00, 0x00, 0x02, 0x00, 0x00, 0x00,
    0xff, 0xff, 0xff, 0xff, 0x08, 0x00, 0x00, 0x00, 0xc4, 0xf8, 0xff, 0xff,
    0x7c, 0x00, 0x00, 0x00, 0x41, 0x75, 0x74, 0x6f, 0x65, 0x6e, 0x63, 0x6f,
    0x64, 0x65, 0x72, 0x4e, 0x65, 0x74, 0x5f, 0x44, 0x65, 0x74, 0x65, 0x63,
    0x74, 0x6f, 0x72, 0x5f, 0x31, 0x2f, 0x6c, 0x61, 0x74, 0x65, 0x6e, 0x74,
    0x5f, 0x31, 0x2f, 0x4d, 0x61, 0x74, 0x4d, 0x75, 0x6c, 0x3b, 0x41, 0x75,
    0x74, 0x6f, 0x65, 0x6e, 0x63, 0x6f, 0x64, 0x65, 0x72, 0x4e, 0x65, 0x74,
    0x5f, 0x44, 0x65, 0x74, 0x65, 0x63, 0x74, 0x6f, 0x72, 0x5f, 0x31, 0x2f,
    0x6c, 0x61, 0x74, 0x65, 0x6e, 0x74, 0x5f, 0x31, 0x2f, 0x52, 0x65, 0x6c,
    0x75, 0x3b, 0x41, 0x75, 0x74, 0x6f, 0x65, 0x6e, 0x63, 0x6f, 0x64, 0x65,
    0x72, 0x4e, 0x65, 0x74, 0x5f, 0x44, 0x65, 0x74, 0x65, 0x63, 0x74, 0x6f,
    0x72, 0x5f, 0x31, 0x2f, 0x6c, 0x61, 0x74, 0x65, 0x6e, 0x74, 0x5f, 0x31,
    0x2f, 0x42, 0x69, 0x61, 0x73, 0x41, 0x64, 0x64, 0x00, 0x00, 0x00, 0x00,
    0x02, 0x00, 0x00, 0x00, 0x01, 0x00, 0x00, 0x00, 0x08, 0x00, 0x00, 0x00,
    0x96, 0xf9, 0xff, 0xff, 0x00, 0x00, 0x00, 0x01, 0x14, 0x00, 0x00, 0x00,
    0x1c, 0x00, 0x00, 0x00, 0x1c, 0x00, 0x00, 0x00, 0x0f, 0x00, 0x00, 0x00,
    0x94, 0x00, 0x00, 0x00, 0x02, 0x00, 0x00, 0x00, 0xff, 0xff, 0xff, 0xff,
    0x10, 0x00, 0x00, 0x00, 0x80, 0xf9, 0xff, 0xff, 0x79, 0x00, 0x00, 0x00,
    0x41, 0x75, 0x74, 0x6f, 0x65, 0x6e, 0x63, 0x6f, 0x64, 0x65, 0x72, 0x4e,
    0x65, 0x74, 0x5f, 0x44, 0x65, 0x74, 0x65, 0x63, 0x74, 0x6f, 0x72, 0x5f,
    0x31, 0x2f, 0x65, 0x6e, 0x63, 0x5f, 0x32, 0x5f, 0x31, 0x2f, 0x4d, 0x61,
    0x74, 0x4d, 0x75, 0x6c, 0x3b, 0x41, 0x75, 0x74, 0x6f, 0x65, 0x6e, 0x63,
    0x6f, 0x64, 0x65, 0x72, 0x4e, 0x65, 0x74, 0x5f, 0x44, 0x65, 0x74, 0x65,
    0x63, 0x74, 0x6f, 0x72, 0x5f, 0x31, 0x2f, 0x65, 0x6e, 0x63, 0x5f, 0x32,
    0x5f, 0x31, 0x2f, 0x52, 0x65, 0x6c, 0x75, 0x3b, 0x41, 0x75, 0x74, 0x6f,
    0x65, 0x6e, 0x63, 0x6f, 0x64, 0x65, 0x72, 0x4e, 0x65, 0x74, 0x5f, 0x44,
    0x65, 0x74, 0x65, 0x63, 0x74, 0x6f, 0x72, 0x5f, 0x31, 0x2f, 0x65, 0x6e,
    0x63, 0x5f, 0x32, 0x5f, 0x31, 0x2f, 0x42, 0x69, 0x61, 0x73, 0x41, 0x64,
    0x64, 0x00, 0x00, 0x00, 0x02, 0x00, 0x00, 0x00, 0x01, 0x00, 0x00, 0x00,
    0x10, 0x00, 0x00, 0x00, 0x4e, 0xfa, 0xff, 0xff, 0x00, 0x00, 0x00, 0x01,
    0x14, 0x00, 0x00, 0x00, 0x1c, 0x00, 0x00, 0x00, 0x1c, 0x00, 0x00, 0x00,
    0x0e, 0x00, 0x00, 0x00, 0x94, 0x00, 0x00, 0x00, 0x02, 0x00, 0x00, 0x00,
    0xff, 0xff, 0xff, 0xff, 0x20, 0x00, 0x00, 0x00, 0x38, 0xfa, 0xff, 0xff,
    0x79, 0x00, 0x00, 0x00, 0x41, 0x75, 0x74, 0x6f, 0x65, 0x6e, 0x63, 0x6f,
    0x64, 0x65, 0x72, 0x4e, 0x65, 0x74, 0x5f, 0x44, 0x65, 0x74, 0x65, 0x63,
    0x74, 0x6f, 0x72, 0x5f, 0x31, 0x2f, 0x65, 0x6e, 0x63, 0x5f, 0x31, 0x5f,
    0x31, 0x2f, 0x4d, 0x61, 0x74, 0x4d, 0x75, 0x6c, 0x3b, 0x41, 0x75, 0x74,
    0x6f, 0x65, 0x6e, 0x63, 0x6f, 0x64, 0x65, 0x72, 0x4e, 0x65, 0x74, 0x5f,
    0x44, 0x65, 0x74, 0x65, 0x63, 0x74, 0x6f, 0x72, 0x5f, 0x31, 0x2f, 0x65,
    0x6e, 0x63, 0x5f, 0x31, 0x5f, 0x31, 0x2f, 0x52, 0x65, 0x6c, 0x75, 0x3b,
    0x41, 0x75, 0x74, 0x6f, 0x65, 0x6e, 0x63, 0x6f, 0x64, 0x65, 0x72, 0x4e,
    0x65, 0x74, 0x5f, 0x44, 0x65, 0x74, 0x65, 0x63, 0x74, 0x6f, 0x72, 0x5f,
    0x31, 0x2f, 0x65, 0x6e, 0x63, 0x5f, 0x31, 0x5f, 0x31, 0x2f, 0x42, 0x69,
    0x61, 0x73, 0x41, 0x64, 0x64, 0x00, 0x00, 0x00, 0x02, 0x00, 0x00, 0x00,
    0x01, 0x00, 0x00, 0x00, 0x20, 0x00, 0x00, 0x00, 0x9a, 0xfb, 0xff, 0xff,
    0x00, 0x00, 0x00, 0x01, 0x10, 0x00, 0x00, 0x00, 0x10, 0x00, 0x00, 0x00,
    0x0d, 0x00, 0x00, 0x00, 0x60, 0x00, 0x00, 0x00, 0xe0, 0xfa, 0xff, 0xff,
    0x50, 0x00, 0x00, 0x00, 0x41, 0x75, 0x74, 0x6f, 0x65, 0x6e, 0x63, 0x6f,
    0x64, 0x65, 0x72, 0x4e, 0x65, 0x74, 0x5f, 0x44, 0x65, 0x74, 0x65, 0x63,
    0x74, 0x6f, 0x72, 0x5f, 0x31, 0x2f, 0x65, 0x6e, 0x63, 0x5f, 0x31, 0x5f,
    0x31, 0x2f, 0x52, 0x65, 0x6c, 0x75, 0x3b, 0x41, 0x75, 0x74, 0x6f, 0x65,
    0x6e, 0x63, 0x6f, 0x64, 0x65, 0x72, 0x4e, 0x65, 0x74, 0x5f, 0x44, 0x65,
    0x74, 0x65, 0x63, 0x74, 0x6f, 0x72, 0x5f, 0x31, 0x2f, 0x65, 0x6e, 0x63,
    0x5f, 0x31, 0x5f, 0x31, 0x2f, 0x42, 0x69, 0x61, 0x73, 0x41, 0x64, 0x64,
    0x00, 0x00, 0x00, 0x00, 0x01, 0x00, 0x00, 0x00, 0x20, 0x00, 0x00, 0x00,
    0x16, 0xfc, 0xff, 0xff, 0x00, 0x00, 0x00, 0x01, 0x10, 0x00, 0x00, 0x00,
    0x10, 0x00, 0x00, 0x00, 0x0c, 0x00, 0x00, 0x00, 0x38, 0x00, 0x00, 0x00,
    0x5c, 0xfb, 0xff, 0xff, 0x28, 0x00, 0x00, 0x00, 0x41, 0x75, 0x74, 0x6f,
    0x65, 0x6e, 0x63, 0x6f, 0x64, 0x65, 0x72, 0x4e, 0x65, 0x74, 0x5f, 0x44,
    0x65, 0x74, 0x65, 0x63, 0x74, 0x6f, 0x72, 0x5f, 0x31, 0x2f, 0x65, 0x6e,
    0x63, 0x5f, 0x31, 0x5f, 0x31, 0x2f, 0x4d, 0x61, 0x74, 0x4d, 0x75, 0x6c,
    0x00, 0x00, 0x00, 0x00, 0x02, 0x00, 0x00, 0x00, 0x20, 0x00, 0x00, 0x00,
    0x38, 0x00, 0x00, 0x00, 0x6e, 0xfc, 0xff, 0xff, 0x00, 0x00, 0x00, 0x01,
    0x10, 0x00, 0x00, 0x00, 0x10, 0x00, 0x00, 0x00, 0x0b, 0x00, 0x00, 0x00,
    0x38, 0x00, 0x00, 0x00, 0xb4, 0xfb, 0xff, 0xff, 0x28, 0x00, 0x00, 0x00,
    0x41, 0x75, 0x74, 0x6f, 0x65, 0x6e, 0x63, 0x6f, 0x64, 0x65, 0x72, 0x4e,
    0x65, 0x74, 0x5f, 0x44, 0x65, 0x74, 0x65, 0x63, 0x74, 0x6f, 0x72, 0x5f,
    0x31, 0x2f, 0x65, 0x6e, 0x63, 0x5f, 0x32, 0x5f, 0x31, 0x2f, 0x4d, 0x61,
    0x74, 0x4d, 0x75, 0x6c, 0x00, 0x00, 0x00, 0x00, 0x02, 0x00, 0x00, 0x00,
    0x10, 0x00, 0x00, 0x00, 0x20, 0x00, 0x00, 0x00, 0xc6, 0xfc, 0xff, 0xff,
    0x00, 0x00, 0x00, 0x01, 0x10, 0x00, 0x00, 0x00, 0x10, 0x00, 0x00, 0x00,
    0x0a, 0x00, 0x00, 0x00, 0x38, 0x00, 0x00, 0x00, 0x0c, 0xfc, 0xff, 0xff,
    0x29, 0x00, 0x00, 0x00, 0x41, 0x75, 0x74, 0x6f, 0x65, 0x6e, 0x63, 0x6f,
    0x64, 0x65, 0x72, 0x4e, 0x65, 0x74, 0x5f, 0x44, 0x65, 0x74, 0x65, 0x63,
    0x74, 0x6f, 0x72, 0x5f, 0x31, 0x2f, 0x6c, 0x61, 0x74, 0x65, 0x6e, 0x74,
    0x5f, 0x31, 0x2f, 0x4d, 0x61, 0x74, 0x4d, 0x75, 0x6c, 0x00, 0x00, 0x00,
    0x02, 0x00, 0x00, 0x00, 0x08, 0x00, 0x00, 0x00, 0x10, 0x00, 0x00, 0x00,
    0x1e, 0xfd, 0xff, 0xff, 0x00, 0x00, 0x00, 0x01, 0x10, 0x00, 0x00, 0x00,
    0x10, 0x00, 0x00, 0x00, 0x09, 0x00, 0x00, 0x00, 0x38, 0x00, 0x00, 0x00,
    0x64, 0xfc, 0xff, 0xff, 0x28, 0x00, 0x00, 0x00, 0x41, 0x75, 0x74, 0x6f,
    0x65, 0x6e, 0x63, 0x6f, 0x64, 0x65, 0x72, 0x4e, 0x65, 0x74, 0x5f, 0x44,
    0x65, 0x74, 0x65, 0x63, 0x74, 0x6f, 0x72, 0x5f, 0x31, 0x2f, 0x64, 0x65,
    0x63, 0x5f, 0x31, 0x5f, 0x31, 0x2f, 0x4d, 0x61, 0x74, 0x4d, 0x75, 0x6c,
    0x00, 0x00, 0x00, 0x00, 0x02, 0x00, 0x00, 0x00, 0x10, 0x00, 0x00, 0x00,
    0x08, 0x00, 0x00, 0x00, 0x76, 0xfd, 0xff, 0xff, 0x00, 0x00, 0x00, 0x01,
    0x10, 0x00, 0x00, 0x00, 0x10, 0x00, 0x00, 0x00, 0x08, 0x00, 0x00, 0x00,
    0x38, 0x00, 0x00, 0x00, 0xbc, 0xfc, 0xff, 0xff, 0x28, 0x00, 0x00, 0x00,
    0x41, 0x75, 0x74, 0x6f, 0x65, 0x6e, 0x63, 0x6f, 0x64, 0x65, 0x72, 0x4e,
    0x65, 0x74, 0x5f, 0x44, 0x65, 0x74, 0x65, 0x63, 0x74, 0x6f, 0x72, 0x5f,
    0x31, 0x2f, 0x64, 0x65, 0x63, 0x5f, 0x32, 0x5f, 0x31, 0x2f, 0x4d, 0x61,
    0x74, 0x4d, 0x75, 0x6c, 0x00, 0x00, 0x00, 0x00, 0x02, 0x00, 0x00, 0x00,
    0x20, 0x00, 0x00, 0x00, 0x10, 0x00, 0x00, 0x00, 0xce, 0xfd, 0xff, 0xff,
    0x00, 0x00, 0x00, 0x01, 0x10, 0x00, 0x00, 0x00, 0x10, 0x00, 0x00, 0x00,
    0x07, 0x00, 0x00, 0x00, 0x40, 0x00, 0x00, 0x00, 0x14, 0xfd, 0xff, 0xff,
    0x31, 0x00, 0x00, 0x00, 0x41, 0x75, 0x74, 0x6f, 0x65, 0x6e, 0x63, 0x6f,
    0x64, 0x65, 0x72, 0x4e, 0x65, 0x74, 0x5f, 0x44, 0x65, 0x74, 0x65, 0x63,
    0x74, 0x6f, 0x72, 0x5f, 0x31, 0x2f, 0x72, 0x65, 0x63, 0x6f, 0x6e, 0x73,
    0x74, 0x72, 0x75, 0x63, 0x74, 0x69, 0x6f, 0x6e, 0x5f, 0x31, 0x2f, 0x4d,
    0x61, 0x74, 0x4d, 0x75, 0x6c, 0x00, 0x00, 0x00, 0x02, 0x00, 0x00, 0x00,
    0x38, 0x00, 0x00, 0x00, 0x20, 0x00, 0x00, 0x00, 0x2e, 0xfe, 0xff, 0xff,
    0x00, 0x00, 0x00, 0x01, 0x10, 0x00, 0x00, 0x00, 0x10, 0x00, 0x00, 0x00,
    0x06, 0x00, 0x00, 0x00, 0x40, 0x00, 0x00, 0x00, 0x74, 0xfd, 0xff, 0xff,
    0x32, 0x00, 0x00, 0x00, 0x41, 0x75, 0x74, 0x6f, 0x65, 0x6e, 0x63, 0x6f,
    0x64, 0x65, 0x72, 0x4e, 0x65, 0x74, 0x5f, 0x44, 0x65, 0x74, 0x65, 0x63,
    0x74, 0x6f, 0x72, 0x5f, 0x31, 0x2f, 0x72, 0x65, 0x63, 0x6f, 0x6e, 0x73,
    0x74, 0x72, 0x75, 0x63, 0x74, 0x69, 0x6f, 0x6e, 0x5f, 0x31, 0x2f, 0x42,
    0x69, 0x61, 0x73, 0x41, 0x64, 0x64, 0x00, 0x00, 0x01, 0x00, 0x00, 0x00,
    0x38, 0x00, 0x00, 0x00, 0x8a, 0xfe, 0xff, 0xff, 0x00, 0x00, 0x00, 0x01,
    0x10, 0x00, 0x00, 0x00, 0x10, 0x00, 0x00, 0x00, 0x05, 0x00, 0x00, 0x00,
    0x60, 0x00, 0x00, 0x00, 0xd0, 0xfd, 0xff, 0xff, 0x50, 0x00, 0x00, 0x00,
    0x41, 0x75, 0x74, 0x6f, 0x65, 0x6e, 0x63, 0x6f, 0x64, 0x65, 0x72, 0x4e,
    0x65, 0x74, 0x5f, 0x44, 0x65, 0x74, 0x65, 0x63, 0x74, 0x6f, 0x72, 0x5f,
    0x31, 0x2f, 0x65, 0x6e, 0x63, 0x5f, 0x32, 0x5f, 0x31, 0x2f, 0x52, 0x65,
    0x6c, 0x75, 0x3b, 0x41, 0x75, 0x74, 0x6f, 0x65, 0x6e, 0x63, 0x6f, 0x64,
    0x65, 0x72, 0x4e, 0x65, 0x74, 0x5f, 0x44, 0x65, 0x74, 0x65, 0x63, 0x74,
    0x6f, 0x72, 0x5f, 0x31, 0x2f, 0x65, 0x6e, 0x63, 0x5f, 0x32, 0x5f, 0x31,
    0x2f, 0x42, 0x69, 0x61, 0x73, 0x41, 0x64, 0x64, 0x00, 0x00, 0x00, 0x00,
    0x01, 0x00, 0x00, 0x00, 0x10, 0x00, 0x00, 0x00, 0x06, 0xff, 0xff, 0xff,
    0x00, 0x00, 0x00, 0x01, 0x10, 0x00, 0x00, 0x00, 0x10, 0x00, 0x00, 0x00,
    0x04, 0x00, 0x00, 0x00, 0x60, 0x00, 0x00, 0x00, 0x4c, 0xfe, 0xff, 0xff,
    0x52, 0x00, 0x00, 0x00, 0x41, 0x75, 0x74, 0x6f, 0x65, 0x6e, 0x63, 0x6f,
    0x64, 0x65, 0x72, 0x4e, 0x65, 0x74, 0x5f, 0x44, 0x65, 0x74, 0x65, 0x63,
    0x74, 0x6f, 0x72, 0x5f, 0x31, 0x2f, 0x6c, 0x61, 0x74, 0x65, 0x6e, 0x74,
    0x5f, 0x31, 0x2f, 0x52, 0x65, 0x6c, 0x75, 0x3b, 0x41, 0x75, 0x74, 0x6f,
    0x65, 0x6e, 0x63, 0x6f, 0x64, 0x65, 0x72, 0x4e, 0x65, 0x74, 0x5f, 0x44,
    0x65, 0x74, 0x65, 0x63, 0x74, 0x6f, 0x72, 0x5f, 0x31, 0x2f, 0x6c, 0x61,
    0x74, 0x65, 0x6e, 0x74, 0x5f, 0x31, 0x2f, 0x42, 0x69, 0x61, 0x73, 0x41,
    0x64, 0x64, 0x00, 0x00, 0x01, 0x00, 0x00, 0x00, 0x08, 0x00, 0x00, 0x00,
    0x82, 0xff, 0xff, 0xff, 0x00, 0x00, 0x00, 0x01, 0x10, 0x00, 0x00, 0x00,
    0x10, 0x00, 0x00, 0x00, 0x03, 0x00, 0x00, 0x00, 0x60, 0x00, 0x00, 0x00,
    0xc8, 0xfe, 0xff, 0xff, 0x50, 0x00, 0x00, 0x00, 0x41, 0x75, 0x74, 0x6f,
    0x65, 0x6e, 0x63, 0x6f, 0x64, 0x65, 0x72, 0x4e, 0x65, 0x74, 0x5f, 0x44,
    0x65, 0x74, 0x65, 0x63, 0x74, 0x6f, 0x72, 0x5f, 0x31, 0x2f, 0x64, 0x65,
    0x63, 0x5f, 0x31, 0x5f, 0x31, 0x2f, 0x52, 0x65, 0x6c, 0x75, 0x3b, 0x41,
    0x75, 0x74, 0x6f, 0x65, 0x6e, 0x63, 0x6f, 0x64, 0x65, 0x72, 0x4e, 0x65,
    0x74, 0x5f, 0x44, 0x65, 0x74, 0x65, 0x63, 0x74, 0x6f, 0x72, 0x5f, 0x31,
    0x2f, 0x64, 0x65, 0x63, 0x5f, 0x31, 0x5f, 0x31, 0x2f, 0x42, 0x69, 0x61,
    0x73, 0x41, 0x64, 0x64, 0x00, 0x00, 0x00, 0x00, 0x01, 0x00, 0x00, 0x00,
    0x10, 0x00, 0x00, 0x00, 0x00, 0x00, 0x16, 0x00, 0x18, 0x00, 0x14, 0x00,
    0x00, 0x00, 0x10, 0x00, 0x0c, 0x00, 0x08, 0x00, 0x00, 0x00, 0x00, 0x00,
    0x00, 0x00, 0x07, 0x00, 0x16, 0x00, 0x00, 0x00, 0x00, 0x00, 0x00, 0x01,
    0x10, 0x00, 0x00, 0x00, 0x10, 0x00, 0x00, 0x00, 0x02, 0x00, 0x00, 0x00,
    0x60, 0x00, 0x00, 0x00, 0x5c, 0xff, 0xff, 0xff, 0x50, 0x00, 0x00, 0x00,
    0x41, 0x75, 0x74, 0x6f, 0x65, 0x6e, 0x63, 0x6f, 0x64, 0x65, 0x72, 0x4e,
    0x65, 0x74, 0x5f, 0x44, 0x65, 0x74, 0x65, 0x63, 0x74, 0x6f, 0x72, 0x5f,
    0x31, 0x2f, 0x64, 0x65, 0x63, 0x5f, 0x32, 0x5f, 0x31, 0x2f, 0x52, 0x65,
    0x6c, 0x75, 0x3b, 0x41, 0x75, 0x74, 0x6f, 0x65, 0x6e, 0x63, 0x6f, 0x64,
    0x65, 0x72, 0x4e, 0x65, 0x74, 0x5f, 0x44, 0x65, 0x74, 0x65, 0x63, 0x74,
    0x6f, 0x72, 0x5f, 0x31, 0x2f, 0x64, 0x65, 0x63, 0x5f, 0x32, 0x5f, 0x31,
    0x2f, 0x42, 0x69, 0x61, 0x73, 0x41, 0x64, 0x64, 0x00, 0x00, 0x00, 0x00,
    0x01, 0x00, 0x00, 0x00, 0x20, 0x00, 0x00, 0x00, 0x00, 0x00, 0x16, 0x00,
    0x1c, 0x00, 0x18, 0x00, 0x00, 0x00, 0x14, 0x00, 0x10, 0x00, 0x0c, 0x00,
    0x00, 0x00, 0x00, 0x00, 0x08, 0x00, 0x07, 0x00, 0x16, 0x00, 0x00, 0x00,
    0x00, 0x00, 0x00, 0x01, 0x14, 0x00, 0x00, 0x00, 0x20, 0x00, 0x00, 0x00,
    0x20, 0x00, 0x00, 0x00, 0x01, 0x00, 0x00, 0x00, 0x40, 0x00, 0x00, 0x00,
    0x02, 0x00, 0x00, 0x00, 0xff, 0xff, 0xff, 0xff, 0x38, 0x00, 0x00, 0x00,
    0x04, 0x00, 0x04, 0x00, 0x04, 0x00, 0x00, 0x00, 0x20, 0x00, 0x00, 0x00,
    0x73, 0x65, 0x72, 0x76, 0x69, 0x6e, 0x67, 0x5f, 0x64, 0x65, 0x66, 0x61,
    0x75, 0x6c, 0x74, 0x5f, 0x69, 0x6e, 0x70, 0x75, 0x74, 0x5f, 0x66, 0x65,
    0x61, 0x74, 0x75, 0x72, 0x65, 0x73, 0x3a, 0x30, 0x00, 0x00, 0x00, 0x00,
    0x02, 0x00, 0x00, 0x00, 0x01, 0x00, 0x00, 0x00, 0x38, 0x00, 0x00, 0x00,
    0x01, 0x00, 0x00, 0x00, 0x10, 0x00, 0x00, 0x00, 0x0c, 0x00, 0x0c, 0x00,
    0x0b, 0x00, 0x00, 0x00, 0x00, 0x00, 0x04, 0x00, 0x0c, 0x00, 0x00, 0x00,
    0x09, 0x00, 0x00, 0x00, 0x00, 0x00, 0x00, 0x09
};

#endif // TINYML_TFLITE_ARRAY_H